id,contract_line_number
1,510ab57e-6177-4dce-8c19-4b8f501acd9f
2,1b33531f-59b0-4eff-affb-37a363cdc083
3,010c5a64-b46d-4643-a5f9-8caa92893b03
4,147f88a5-9059-4675-b2f7-7f9dbe76b63b
5,75472524-4821-4e44-8d04-82eb6a732fdc
6,cc3141e7-28c5-4fc9-af55-00386c85ce7a
7,ac2b1420-e714-40de-8c0b-24c093b3b938
8,1e2880e0-c84b-48f3-8e28-cd2f34b50dcd
9,8e5809cf-b344-40ef-9687-c960186b2822
10,d2ae3c98-03a5-470a-bc46-e66dceb59343
11,69309d20-320e-44c6-999e-e9490d5db929
12,850660bb-9dd2-41ca-80e8-0e68034909a1
13,505bdb66-c8a6-4dd1-98fb-d143ea2a1eb4
14,6ca30db6-d1e4-4cc2-b7af-fd66e3638d45
15,9b8bd10a-ab62-4b43-a174-356d1c481f53
16,d582aaf9-7f2a-4eda-867a-6c3b62fbeb86
17,e786aec7-d69c-438a-8b0f-223f833cb5e4
18,fa8c9a80-660d-471a-8f83-10614ef6a518
19,7f9049fa-1f7b-44a7-92cd-d24f067dc281
20,cc09a471-571d-4e83-ad2e-24218b6db762
21,5cd02e82-bcca-4a32-8a8e-f8510b9b8bdd
22,1afe1d9b-0388-4ea7-a742-fc36d85e6af5
23,11514746-433a-477d-8073-60e0b643f21a
24,83d12a92-6d41-4682-9719-19a200d573e2
25,5ca06bed-df33-4c6f-856d-af1a76e1d3c2
26,6b710fc7-2712-418c-8c82-2d4f3a077af5
27,244a80e0-50d5-4339-a5e2-d1991c4f82ca
28,b869ce0f-5d1a-4682-802e-2e627e730f5c
29,b6d083ef-b1ad-4736-9f8a-50a187e7f562
30,3b7236a0-084e-481f-9068-288b2b747be3
31,99aee20a-86bf-4aea-bfc0-b6c36140f02f
32,0d9c3ea0-1cba-4a7e-968f-22b864fc4874
33,e72944ec-295e-4d36-8366-c605d1e56619
34,057b4771-9c9a-4cf3-95ab-5b65094532cf
35,466d99c4-7263-408d-8ac1-802bea59ae88
36,b3f2138f-994d-4308-bbcc-5971bbae480a
37,58688277-48e4-49d4-8dde-894829cd42c2
38,ca0506ad-85f2-4fac-8bf3-d92a42aa031f
39,9b3b55d2-3690-4a26-87ab-7676a00a3ad9
40,d6dff37f-5b95-4520-98d3-c4d926897927
41,c8d716a1-0340-4d06-8cd1-28054544aecf
42,cd2531c3-4140-454b-ae66-ab32c35eb450
43,6dca307e-5493-4f5b-aa0a-b8bebba7110c
44,c6dbb9bd-2161-415a-8ddd-f68cd97d746c
45,738c026f-c3cf-49ad-aaea-bf922c9e01d7
46,3870be9c-57a7-45de-a719-488ad2fb800c
47,b50b1d75-b073-4103-a972-0a2876d55462
48,e9a0d76a-511f-4dbc-be95-bea424ed7aeb
49,ef2762e7-e12c-451e-8dc7-ebc9a4517d9f
50,bdbcc0a6-5def-4559-95e4-6722688e1532
51,e9893ba2-1900-4ed3-b20e-03852c5266f1
52,f4978f76-4c4a-4be1-b8b1-c414f6e30ca2
53,3176c5bb-1b5c-40a3-9ede-fdb6b066dd4c
54,029a0d7c-2ce6-4d42-88ac-588724e46ea6
55,7f06a6cc-3396-4d6e-a2d4-2766b2031439
56,3ece3ec8-ae56-41e2-a35e-b7a2a0db9f17
57,f4fd7534-0c98-4d9c-8b7a-aab95cf00be1
58,12c7e81a-f3ea-4fa5-983b-7b671b9fba81
59,db2dc08d-9678-4783-b5a7-7e804c526b91
60,a5393657-2bbb-4e09-ae7c-133559834d3a
61,56d8b872-7332-4e34-90b2-bff3d8620f07
62,3c515765-953a-48dd-9e31-2cfde212a21d
63,eb43fd9f-8383-441f-ab4b-02b9767d3ead
64,aa8baf23-3900-4d06-aab3-187d74165b4d
65,3f3977a4-2082-4730-86ac-a21f3154fdff
66,2f7d4dc9-db2d-403d-859a-36b5761809be
67,57df94b7-8652-4821-b6d3-81ea2008c598
68,0e42f1a2-9105-466d-b8c5-04ca6448ee90
69,a0dc977e-8911-46ad-b739-e569e71197de
70,7f298a93-2d8a-4a63-a8f7-f36912099352
71,3571b973-22af-400d-a7b6-91a25eb06ec8
72,7302a5e0-a1cc-4f72-a85b-d487105cbb9e
73,d457ef83-e5af-4ec4-8d5b-de26ef154a8b
74,390fb86c-616e-4b51-8a9b-e1e21078dc17
75,ede51329-f89d-4be4-9021-934fcb2e1921
76,bd180af2-cfba-47d0-b95e-7bd3365dd0b6
77,669644d8-9e3b-4dac-bf97-9d4f21e10941
78,393ac3f4-59ab-42bc-b9b6-6f514deaeee9
79,f2f5867f-515b-4a2b-ad2c-c6aaa3dc994b
80,614e9272-9686-4882-9598-4da0852b82e7
81,39888a1c-144d-40fc-9881-42035f852af1
82,2cf59fd8-fada-48ee-ac60-4f3a8a54645c
83,7c3a8fe3-afe3-470f-a5fd-e31a7358bdc3
84,eacffcf6-515f-44b0-81ed-58db8a0a46ac
85,d52fd30b-fd5d-46d6-8d0c-ccaef0a76fbb
86,a4db25c9-34a3-44c8-aabf-dc2b56fe9912
87,7862f21c-b84d-4b80-94b8-0a46ab94899a
88,737488d1-a4b2-489d-8336-3365b17730d1
89,7797e970-2713-469b-a56b-8f14be587d3e
90,961ce81a-b0c9-43bb-ab8a-5657c2c66898
91,a048471d-a09c-4a02-9d84-d7f6030220da
92,af37f4c2-de60-4964-8abf-847e5cc1ac14
93,34950395-e788-42ae-9fe7-c4ae28397e05
94,2df238a3-4ea8-4ac9-ac83-d511b06ae0b9
95,0aba3772-c24d-4efb-9989-bbdbd41113cd
96,c7232a6f-439e-45bc-a220-0dc83009882f
97,29810f38-38dc-4e64-ac38-62828a09827d
98,f2006eff-c005-4db1-97f2-9f0b82ba83b5
99,dd0faf60-573e-4c7c-993a-403a0f27b9f9
100,394d817b-7bf9-4c41-abe7-f62948ed19ce
101,ffcf86b6-879a-401c-bdb9-7aa82f275c89
102,b7eb698a-62c0-4acb-bad7-9763d1bdafd1
103,5a696d8d-a909-4bd1-b9a7-c3d8d5a8542c
104,56221329-59fc-4355-88b8-d5f78fca1836
105,b00be659-7667-45cf-9075-f346a06a3dbb
106,9e60e54f-ebb6-48ca-93af-9d2f1225e9c6
107,d6958063-eb27-4aa6-b0ed-abda362d1ff0
108,0a5d4223-a348-48a9-a49c-b9d5dfa293ff
109,327eb2d6-2a1a-48a7-91c3-2653f96c2dce
110,6b329d64-37fd-4bc4-b3f8-d7b18981dd22
111,5231e1cb-8642-4c4d-95ee-1ba7b543bccc
112,bd0157c4-2bd6-40bf-bbc5-4af7bd791cb5
113,764d8171-66ea-4d31-8edb-f6f23fd7579f
114,06b9f38e-cc62-4ea1-af8d-3ce44484dc31
115,77533153-a19d-4184-9fb9-02e30f08a5f6
116,e0d55ed6-27ac-4c7b-8beb-03ba0d628ede
117,36a851be-a77f-4caf-8bc8-68809db061d1
118,c56ceff0-819a-4f85-8567-049484d2ce05
119,8ff24d64-7a18-430c-83ee-33c9a9576b7b
120,26f311a2-4707-4682-b79f-d800ff4776a6
121,bd045557-c349-4c19-bc51-2054e075b40a
122,72484b8c-8397-4e78-a246-8c68077c8cd0
123,1d28ba00-dc9e-4af0-ad13-0ba61e2a2427
124,a1f480ad-3d62-4bf6-befe-52ac25a5b8e6
125,741d0115-c1be-4d79-8fcd-8dbc23b8d549
126,cfe68f71-3fd0-484d-a4a7-7722c520cae6
127,a3e2cb1b-e060-4a66-bff1-c43b5d61edd9
128,7f0d922e-8d7c-41b6-89aa-237688970f57
129,84dff15e-3905-48ad-be5a-31b56effe44a
130,f3b738e9-97de-472b-b07f-23cfc3f23cb0
131,56412a40-8a0c-456b-8776-8dbcbcd5a437
132,8ec72a24-342f-44d3-80b2-144ff63af7d1
133,b76e83b0-6c7f-4e9c-b813-ef53670338bd
134,40ff0d19-4d56-430b-a471-f1c50174c86a
135,e37adeb2-c499-4ffc-8222-d01186e9e637
136,b6a160cc-b330-41e6-a731-41303a771f18
137,ad40c066-40a8-45ed-806a-75ec0bda5d80
138,f81e640c-9b60-4035-8f1e-fe34030a6d8c
139,3f9c85fa-7924-4a75-a74d-20764eaffe06
140,c07a05c6-df49-4fe0-8850-e051a9e35ea3
141,0d4f0a00-080b-418e-a609-b8f7ea442774
142,6bc61411-e2dd-4319-b5eb-669d141f552b
143,97a14713-be52-4d00-b598-d12f1410a7f4
144,0db3cd50-d3e7-4c87-acaf-f8e845a63671
145,8f362cad-174d-4a64-9b0d-08347c62a219
146,a7f221bf-3997-475f-9c06-02af49d6d00e
147,aa0d987e-aca2-4d25-9475-24d804d37b37
148,cdafc53c-8582-444a-9864-a7e1b8fe8613
149,4c0cb74d-7e22-4528-98c1-c36b8945ff7f
150,fb3b75f9-c168-49e1-ba4e-3af7a062ee16
151,506dd039-e2b1-47e4-9eb4-781ee6530927
152,30093888-c8e4-493b-9c46-a4d0fbd21569
153,8df448e8-c6c0-4b94-a26c-36c36a7c1592
154,17702a8f-5672-4786-9b21-77f3543015b7
155,e75d8589-6dd2-467c-9150-f7d489c3e126
156,ea5bae96-3724-44e5-aa08-e206f60378f4
157,32b70b1c-d053-4f24-b7f7-7a83cabbc06d
158,21a408b8-4f3d-4179-9690-9ccb6d823e61
159,f4e8d2b4-81ca-4f12-bf0a-0e096d7f3b03
160,b16e74db-fe88-44fc-a4de-7c0cc9f78e10
161,9c7af58f-ca8e-465e-a7e2-07245c685826
162,0159cb04-42a2-4acd-bee7-2a8a1d150255
163,ba2318c2-c25b-465f-9ea8-5d48ee893265
164,84253eac-eca0-48a0-8920-ac4ae66acf7b
165,ef0739b5-0cab-4f28-82b5-1b76a2bdf7c3
166,0419f38f-2ede-4afe-a640-6090ffcb2d59
167,5926d857-fde6-4d7b-85f7-222089029f35
168,a08f617a-7ed2-43f3-b4a6-9b745d9e9fd5
169,1f128d8f-9564-4026-9253-b18a28f800d5
170,15ebf96d-c9a3-4d86-86a0-7859cac2555e
171,22e17c15-44bb-4aab-9383-840e5d6f2c12
172,d218430d-ae58-4870-8b85-7bced82fadf1
173,21a0ea52-aa5a-4156-86b8-94c7562883f0
174,fcff4054-86ba-443e-be7d-82ec757e70ec
175,f2a26474-2f38-4665-ae28-883522671b52
176,d62f6781-b68f-45ae-83b4-10c5ff9a1fde
177,e128c8a4-5078-4258-a522-abe083b672f5
178,e838c7ae-fdc8-4693-a3c4-da361f7a4e64
179,0a117ddc-febe-4e56-8de4-f2d2ff2eca33
180,b128376b-0f90-405b-ac76-ac8f8ad85782
181,f9dd5ea3-2655-45b8-b723-6fdcd066d4fa
182,18d296c2-13a0-453d-9881-f93932012e0d
183,20420d37-9c97-4633-9e63-aebefa755163
184,3ba8d3af-8d52-4aee-8897-7d150d18934a
185,d5240f7b-4f0c-40b9-b448-4bad7c347987
186,8ae53f58-16a5-4ce2-a9dd-4dffed563d32
187,ece0f538-9ca7-4e30-871e-160c57b5c6b5
188,6adc28b7-724e-44a7-b641-5371bb6bdbf5
189,7cb8244c-34f3-4605-83cc-6a449a304aef
190,762b6cbe-93f4-4d1d-adf6-11c435ac64e2
191,35889b1e-2d95-4be8-8bbd-290f5c87ef80
192,3ccf392e-e216-43e0-bef2-0a9844309693
193,92b2fdec-ec93-4759-9722-e3c841c380b5
194,38629306-62ae-48bd-93fe-4015248334d4
195,aea70e37-da67-46d6-ae98-340048628caa
196,b8d2e36d-aca6-44a7-aae9-369c32f16e94
197,75f82102-3667-453a-9f0c-171ff464478a
198,10ee9a65-534d-4a41-b43f-113fb8bb9fd1
199,6484306e-c025-443c-8d5a-b0bde9ec3e7d
200,ce096baa-f152-4611-8ba1-dc4f565f5efd
201,02209f77-31bd-4854-994d-d67b2da0d92f
202,e7750acb-c26f-4265-89ec-98cdc2400de1
203,4eb58d3e-c18b-4155-af47-87b61874452a
204,3edf933f-9d6c-4ea1-a11b-e3063d28fdb1
205,22ce210e-0573-44a0-af70-436cd1b3c60d
206,49ce6d06-ece0-4cd7-ad41-f37e445aa366
207,86e8f962-11e4-4e59-8ff0-22bf6b7b19d6
208,7435c9fa-6bbb-4600-adbb-04e43c00b08c
209,0b918138-8511-45bb-a496-3631382593d2
210,42eeb2a9-1cfd-42aa-8d41-20808581cc64
211,8cbdf87f-6e9c-4878-a7bf-d4efc5007dde
212,759a3300-aa60-4d19-aede-2d0a914ab757
213,5e9c71f9-eadd-48bc-bcd7-a9022a517b36
214,5daf140e-ee80-4dfe-b9ce-7019ecadfc62
215,89777e51-5ee6-4b38-a679-473757c9297b
216,f8883989-a55e-4536-93a6-16487e611fc6
217,7d0ae844-b8a6-44f6-ab70-b1901bb805a6
218,86643064-3892-4178-b048-8db24299bad2
219,0ec270e9-3b73-4c89-ae86-900b0c8b3583
220,2b91a4f8-61d4-4ce4-916f-9205eec0fc88
221,d7c4a5bc-7a1b-4f57-a7e4-6d61aecac5df
222,5088b754-9129-46d6-b75a-cb5344d295e2
223,11c99137-2c1e-4779-aeef-aff9e474f978
224,62abbf2d-490d-40d9-9375-0f1cf9e11671
225,1509331e-58c6-4d37-ab7a-8240fc0fefe6
226,9c75ed64-276a-4ee5-9db0-1605c035cf13
227,69473312-349b-4246-a2d4-e4a3eaa4ef0a
228,0725e7aa-1868-492e-aee6-5adcf311db56
229,99e2bbae-a77f-4a10-91b5-f4c33049347e
230,3b9b432a-ede9-46fb-830c-6960b62fada0
231,9b133327-99d5-4bf5-ad61-b10d42fcf575
232,3bd24b1f-560a-4189-890e-228feb6b05e2
233,5f8fc46f-f40d-4418-b082-dcfb9c4fa1ae
234,d56ba21f-a2a6-4714-abbd-9f4a37527b3e
235,7e8ba90e-67b1-48c7-84e4-6fcbc0d42ec5
236,5a01ebea-c728-41c5-b16d-c57555fb0feb
237,b1b951b0-bb24-45a5-9702-b01886181415
238,174668e2-5c9c-4fb0-9c17-db96a19a3fe3
239,a04c2f5d-0a4e-4e3d-842f-702228789ebd
240,9792147d-9752-4703-a92f-b7db9ac81ecc
241,160063f9-699b-484a-83fb-f5aa867ca585
242,c0ad0d3f-e4be-4548-ac53-c8a9414764a1
243,558e2b08-5d56-4f2b-9e91-67e6066d6bc2
244,3843bd69-5906-4c05-94ee-190cfd54e43f
245,c72c8e29-dbc8-4fa0-a8d6-f6f374df1a58
246,9bf65219-d801-4ce3-bf43-9fc17791f785
247,d6221e2c-7104-4bf6-8f28-e542919fe83d
248,fdf73b32-1afb-43bf-913d-1aa82f5129d1
249,c34aac2b-efb3-435c-8d31-6ddf4df29013
250,08d8b223-8a1f-49c3-8093-373182a94f08
251,b9777aba-5cf0-475f-a1cf-3816f36d1e05
252,fee84ab7-6ae5-41e9-b05c-f47935b08013
253,3074f095-f380-466a-bcb3-66a269d1eb96
254,71137b6a-0f47-4a97-9826-eb13f487aa1e
255,c88f17f3-053a-4dc8-9bfc-347166270bbc
256,e093b3e6-6ab5-4a57-84fd-92d1f4d23be3
257,fe301636-6c27-4cc4-ad65-7e84223c967c
258,308c7817-b29b-42ca-8926-fea78d61af07
259,eb69db8a-7e6a-429b-acdf-1f13fe982c88
260,50d183fd-3604-4099-b96e-6b6af6d16a6a
261,5d2ab77c-d6c2-42a7-8959-99c883a94ceb
262,d6e7a81a-b13a-4f36-a2f3-032650c52302
263,fdbe02bb-1a5d-4a4d-9819-9a4d061cabb9
264,047200ca-a439-4c67-8322-a79dd2d25128
265,391c212f-1c1f-4c56-b589-69076e33dd10
266,61c52e4c-df1c-4455-9f0b-93b0a4c8cc2d
267,ae8796a3-c367-4435-ba3b-e7b11530743d
268,64e13898-2ec8-4696-aa7c-995c32993088
269,6253f73c-2a49-444e-9d00-5fff40f54a4e
270,8e9f343d-b2a5-4076-93c0-bb0704d6d892
271,0270b8f8-85f4-4f12-9ec2-39448c807a3a
272,1109e1ec-048d-4ee6-89e9-bbdd82d11c55
273,e2b078f4-bdb7-4590-8c9e-5b11d7e7b4d0
274,f2875a55-ac4a-4dc6-8c4a-e94c6882f5fa
275,3c2b085f-c7ff-47c7-b150-e27c513400da
276,c89b0fad-e344-4299-8aff-1c2de42c1534
277,bb83a185-0417-4df4-be6f-2ae6b7d1be01
278,ca107e88-ba66-481f-a0ed-4ce2e0cdb687
279,5c329bcb-8373-436c-842b-07eb09f37814
280,b2af6e24-74ca-4eaf-b08e-95248efdb4d9
281,7a3d9784-651b-4d3e-9e05-329e734c001e
282,266ecc5d-0f6d-4ab0-9422-a6afcf8c225a
283,badb6907-3aa3-4867-987a-a57844c66146
284,a69e4bc7-cdb4-42d1-b0dd-c40ad0228b00
285,e25e45de-e52e-4314-8d8e-b6c1f1637227
286,7b02ceae-acc0-4011-974d-87495e87e5a8
287,a9d73193-9463-4813-b2b9-c08ef506a2ef
288,71403c19-9f0e-4d73-a321-4ce08c6398ae
289,63182674-fd08-492f-a850-9bee99588148
290,9e848ebd-e5d3-48e3-bf4a-308451bb8a86
291,3b8fc15c-1565-4a4b-aa37-68eef51182c1
292,cf9d8688-ca47-4ad6-8bb6-750c54d7d8a7
293,0226a733-059a-49d3-beba-1b71ec59752a
294,b4f3d4f0-c370-45ff-9bc4-fdb554670eac
295,d057f504-9df4-47ff-8eea-13656c836573
296,fc2c243e-570f-430f-b2ac-74cce1337f23
297,c906957f-5296-4a4f-8c15-31705158824b
298,6629df3e-f2fc-44e9-9fb7-d62606e57173
299,94bb08dd-f42e-4f7b-b786-d6277a035279
300,d373ae22-609c-48f9-a669-df5885ce081b
301,c92c15aa-e33f-4f4c-9cc6-2a6e9bc2f40f
302,68b3533a-2983-4d59-b3c9-883aba0c29b4
303,5bcb24e7-ba94-4b25-be97-84dec0297e8f
304,2dc67960-a4c6-409a-af70-f573f8e158ef
305,fd80ac6e-7efb-41b4-865e-43717331de8c
306,82fe9e56-1207-495f-9f69-6ec09a9c0631
307,56fc1d7b-ca78-4f91-bdfd-67417c3fa281
308,7ad245c7-fcac-40fe-beb7-bff84cb9702d
309,de9705d3-5841-414c-9f1c-3a861193909b
310,fc7620b8-9348-44c9-9afc-c03d2cade1fd
311,77ef4537-24de-4e8f-b2de-33472256585a
312,5328caed-303b-4c40-8ce0-90be0409639a
313,299ddfc6-0c64-4955-84c7-340b0978b5cc
314,d05741f9-fb0a-4198-bf8e-65d957dd9efe
315,dedff8ee-5b73-46bc-956d-6b28ae4e2f3a
316,baffbfa4-0f5f-4716-9774-fe74811d2b56
317,049271f3-abf5-45bc-80d8-f9843010c27a
318,365cb043-aa91-4c2d-b1ae-7335580baa3a
319,77a90ac9-abca-431c-8bf1-c421d5d23b2a
320,9040cf13-3603-4380-ae56-b92058c65bbb
321,8b77fdcc-1db1-4bae-833e-af72c7b30112
322,8747f23e-bd4d-43ad-9e01-81b0775622cc
323,6c77dd1d-0441-402c-b873-64e507214deb
324,51a4af83-f889-4966-aa62-be0325e4f8ef
325,38e0fe95-eccd-4a6b-9609-9f45c58dbbd8
326,d5c8a7bb-2049-45b9-bf92-fe83ab9a0ded
327,67cdd108-34e2-42ee-ba59-857b2fb61ab4
328,2ab56528-5302-409e-838b-df5fcfc9642b
329,76e10972-77bd-445e-a229-064fcecb2cc6
330,542a66a1-69ae-4e4e-8e7b-bb5d8892d560
331,699b0205-869b-408b-b1c8-33bba547dc2f
332,40f72b82-cef3-4bf6-9e42-18df65d9bf28
333,d9efc5f4-9cf7-4f8c-963f-1a7ea7f9303f
334,16f0d2e6-0642-4045-a288-570fe0d378c2
335,3846764f-ad34-419e-a7eb-399c03753cc0
336,225957d5-11b3-46a0-9807-8b58fb1be552
337,e6a35c14-9139-4f27-a1ae-eb16fc80f207
338,592b7683-05a2-466a-ada2-060df26dbdc3
339,66538eaf-23d3-4410-b4eb-741c25e17f38
340,61962733-7068-49e2-9d6a-817a9d2107c9
341,cd72b194-fc6d-447e-8f1f-6ff0158cfc53
342,24152e26-6047-485c-b997-6f0a4f689ac7
343,acb62472-006f-4936-9200-9699de9f2368
344,755bbf18-ebc0-4dfd-94eb-50f892b1a510
345,ad163fc7-e2bf-4c8d-90b1-7f012b3f4b26
346,005fdb04-4b05-4324-a9bc-6c48b2c5aff4
347,adefa51b-fa8e-4d50-9a0d-320e6f589ac1
348,f2eeb30c-1499-402b-9ed0-77a19c074ee3
349,57a2a124-2eb6-41dd-a29f-2d7ffe0aedb7
350,d5afe7c3-297a-4082-8a80-62c61eb45ec0
351,c0cad4f1-8156-452f-960d-526b4060dfc4
352,d5eea5c8-b3e0-4e1e-9a78-1e516fb67b76
353,d52b86d6-d911-455c-bfa4-b5e18ced4a7f
354,0cef1476-df31-44a6-8507-9b621ab2acbb
355,85dcc564-38fb-4113-b721-992c0c29e7cc
356,2b3831e6-736e-4635-b39b-324a7c164274
357,11ab65b2-e9c7-46e5-8ca1-17d5f10bbbef
358,ccd001eb-8756-4e43-83af-f41c4c8d68d8
359,f0f16c37-2574-4c85-a8fa-10dd28198002
360,c59b9f9d-5606-4fe7-81d0-ba07ff9a1cb2
361,ee5a472c-a754-4316-842a-30a8bcfac74e
362,7a0c0f9e-dc7d-4cc7-9235-a8138f1d8cee
363,56ec19fa-e1d2-480e-b011-d9742cad7831
364,8f00663b-90a3-450a-9162-3ec8bc33f786
365,50597ac1-1b43-4ce4-9931-108cee3463de
366,9c908b97-ec85-4125-a573-80920c7afe2d
367,fc4183d8-8ddf-4604-a833-d83cd79a9bb1
368,cb52137f-c608-49b2-9d04-a03623c8ee40
369,5f99d341-009f-45fa-9f18-1ae8191fed2f
370,83062fca-a524-45a8-877f-ade5917e8d65
371,c601bc6f-9d4a-478a-8da5-b1dbc72f8d8e
372,622c0b84-cc1c-420a-a134-e3b3b49370fa
373,f421bb7d-1aa9-4e51-ad68-6fa9a4560725
374,69aa4517-596a-4db8-8140-ca2ea26aa82d
375,1bb26f8d-4fc7-439f-bcbf-7271b52d5ecd
376,2ea8b563-aaa2-400b-9306-7a6e2ebe753b
377,7b0bd67d-1b00-4845-8f60-52634c902ac7
378,29ee4e80-fbf6-411a-865a-60517dd15f7b
379,606d1c4c-3821-47cb-b531-a7ec6109f76c
380,e5daea7e-bb52-45e6-8fd8-4d4412f94199
381,95d28ad3-98c6-4c4a-b023-3b3d6b5579b9
382,bccdbcd0-99b1-4926-80c4-54a5d76aa9f1
383,0d059561-89a1-4583-a9f6-9a912904f3de
384,7f5ff447-68de-4801-b916-bcdf6c0727de
385,d50e2026-90e8-4bdb-a25b-c148af255252
386,f5c0e95f-8923-4082-83c9-1a260ce8e7a0
387,5f74f781-566f-41d0-87b5-6956fe499538
388,f4d5abb7-0513-4cfb-8771-244e67d25e36
389,b4251028-8bac-4f23-803f-993a404f22b6
390,9bf803c0-dbb2-4f27-b866-79d7bdf800ad
391,faba60e6-33ef-49af-9739-af7126854464
392,cb9c7da3-dc45-4797-bb32-ef857e98205c
393,e18df943-eec7-4453-87ff-5d3101dcfd39
394,cf3b24c4-2003-4eff-9561-7037223c2f27
395,421004e8-24ea-4275-8137-a3d631bcf525
396,9ffe6085-3ecf-4b2b-b930-4419b1051ad6
397,b429a14a-a6f8-45a0-988e-4b4a7d0709ff
398,c419c8cc-5b07-4710-b601-0759e91b38cd
399,8c3865f3-b232-4105-bc63-f533d727edbc
400,f22e48ff-ccd1-4796-a6c8-f93af57fb8ff
401,48c2991c-e307-4ec6-8c19-c27528439411
402,61d5083c-6787-41d9-bbb6-0061f7e7e98f
403,72a45dbd-b315-4dfe-91e3-49686a7ed566
404,a5801291-0c5e-46fb-9eeb-e6da0bdbcf7a
405,3fc170e8-9070-4549-b049-02b557c7359c
406,603b2268-74d9-4d66-b8e6-522284581037
407,e8eb6f9f-ff50-45e8-9170-0c659441ce8d
408,ef8d7929-5109-4463-88f1-3550dd28b82c
409,be470205-6b0e-48bd-bcc5-10f1f7af7c2d
410,1397f314-68ac-41cd-aa57-f4a576e3086f
411,6424368f-558c-4809-9710-85908adb4bc9
412,563a1b1c-61ef-4d75-9c24-6dfd501148cd
413,47f0ac29-6ced-4474-be29-8c472f7b4e40
414,e9a401ba-33b2-48a4-a145-e408e1a3aae7
415,99c94839-110c-456c-8625-c3aecfb65327
416,1355e97c-f655-4c8d-a55d-b1ec17728af8
417,7959b073-8e70-4bfd-905b-bf6e43b89655
418,9b9dc3c4-f4c8-46f1-af49-45980dc788e7
419,79995f08-2c04-4299-beeb-010d0a638967
420,644b8efa-ef6b-4e55-a042-8d781f10a010
421,0f56ab9b-3064-498c-ab3d-16f2b786116f
422,76eb5f37-2778-4154-8903-8c1b0a92ff98
423,88ea80d6-2249-4add-9d65-9adf1700b4b4
424,3040d6cc-2ca8-4807-9ad5-bc03c1b4da8a
425,9ee9f0aa-c04c-41a2-b9c7-cff023937335
426,4057f34f-aa00-41ae-add7-2dd7a55ce977
427,a47a42e3-cf5e-4823-9901-4ef77fc8b6db
428,b413b944-26f5-4d8e-9087-e9f7083aacd6
429,1276717c-1542-4095-af10-e12be527c2f9
430,e93161a9-c24c-44a7-88b5-4730d06d4f32
431,49d8e015-1cff-42e9-af05-28218c4b57c1
432,aca69517-73a4-4e77-aa94-ec3ad3781ce8
433,71c8ee61-8d58-4ce6-9cca-e59b4c2585ed
434,27eeebd5-49e5-4d62-ba0f-60d28c92a587
435,f2771b31-fe81-4623-aabf-d9b03169e3a4
436,855c2182-1cf5-469c-9a4a-3e4a233d13d3
437,e0fb5557-07ea-4028-9bd9-c5d1078ad2ee
438,fe9a78b9-e1f4-412f-87e5-30a7b9645b51
439,fe12d5f7-2469-461e-8994-12f3c4eea701
440,507be072-6967-424f-8ab3-6f9b080144d9
441,8ec8bca2-0d17-4593-93c6-faac69267797
442,d6449511-bc28-4566-b94e-138616fc8999
443,8e1a997d-55d8-4871-8d40-bdb1ee414854
444,27e235c6-b644-48d8-be17-c70483bfde6b
445,700f592d-4fac-4595-a035-788e7ff80a42
446,2772b238-af6f-4684-98b6-edc50e1d8366
447,7ee032d4-5a05-4fb4-999e-0b05c77fcd27
448,8bb0c2a6-51b5-4c45-b038-d9a1b0952017
449,6f4d6120-cad6-48d7-879f-1ac8c9ffb62d
450,4947e470-0112-4b2f-aacb-7e661371f669
451,25d90bec-c924-42f8-9d32-bcd403826395
452,0e135861-facc-495c-b8fd-2f3ab9afeb0b
453,65973822-281f-4daa-81f2-cd09948d8851
454,6d9f0e2d-92f9-4897-8517-217f87b3fd4e
455,9f80793b-162c-4996-84b7-e3a444ec9fa8
456,fe41a7cc-9ba5-431a-8dbd-9d3eb73b6ada
457,5f752e8a-3b75-4868-81d2-e272eb3771ed
458,4ba69e06-d2b9-4d5d-9b5b-d6e5877b72a8
459,991babee-384a-46cc-8f75-c639ccd1a2fa
460,8f4c0b57-6731-4481-8d58-6f4c789b4948
461,42eaef17-7f4e-4f27-9494-8efef19461d3
462,d61d7231-d9d0-4015-85e7-354350418015
463,0fa512fb-e992-4a65-b2ef-186e500ca898
464,d6c66fc5-08ae-4a56-aeab-303312eb44c8
465,d9f8e968-7eb0-4a76-b410-137e6bc89dca
466,520267eb-057d-44c2-a295-21b70a345c1c
467,8463451c-83c2-4d88-b200-26b5e359ebc1
468,fed694cd-d06a-4e59-9974-27622770c08d
469,169142ce-9d4f-4366-8c7b-bcac8bad0ee4
470,08cd05b3-1387-4c81-b30a-7237c5b74dce
471,bcb8f7e1-e055-4a87-bf9e-8b3190eff754
472,e8bedcf4-bea5-4168-904f-434fe1a51de0
473,53493f68-cc8d-43f0-a664-b34f34873ea8
474,f310838a-b779-4c61-8197-63b90fe6554f
475,857ee41a-2ec3-4b40-8df2-621cad638bc9
476,86a3247b-0027-4b4e-a7eb-f5bd6555cb81
477,6027f53d-04f1-4e54-a284-45fd7cb9feae
478,c5b26e65-cd79-4e65-9e47-44f5a6f90c33
479,34da841b-3912-4920-a751-84783d25d6e9
480,a4a53b2a-93f7-4016-8bff-469d6bdcdf9a
481,75adf61a-8d4b-4f98-ba71-ab1991c57710
482,011e14ad-dcf7-464c-932c-7373a049258b
483,57c116af-8ec3-4854-a2ee-387dff552406
484,1db8768f-d5f1-4702-bf8e-440be1dfcdb9
485,f95cdbf1-6bf2-4978-90da-0d8485a5310e
486,b0142775-0787-4e4d-b37d-392b90b2a816
487,d9167fa2-db8e-4f3c-84e3-e61e946e9ba8
488,8bf850aa-5221-4408-adaa-ca2ae305f674
489,82588674-4bb6-47b4-8176-75e3f9e89ec0
490,c79d9a5b-4744-4d2b-ae40-26b243a6a9a3
491,7755fd51-a534-4303-a7ed-7f6a1369934b
492,60caee4d-6a7f-4f86-8cff-05895179c8b8
493,b5af2669-c9c6-4c25-8977-48360be02b4c
494,4e493363-c3b6-46de-adcf-0b4de064d797
495,81b82213-0418-410a-bb1f-c6cf8b60bd98
496,56b24e9b-f533-4c6e-9eff-1bb2c795bf47
497,d1c5cd3d-566f-4688-a09a-33d6136357b4
498,f75becb9-6924-45c9-bc8a-959ad3c385ee
499,2f855fbc-ad8c-4f00-9263-f8827405635b
500,40d9bfff-f51e-4971-98b5-8aef33c36a31
501,a12024b0-7449-4b1a-a819-9675f2644a19
502,08ea3ecb-ab57-4959-bd5b-8d84e4990e16
503,c0c5823b-0ea9-430a-82df-812be449a3da
504,46b682fd-180a-4381-9155-98c131d23df5
505,212a1320-b4bd-427c-83a1-ac9108bd3dda
506,8c1ee0cb-4bd2-48a3-b6a9-34ac58eaa12d
507,3d74295c-f8ca-423f-9963-c0c972f1966a
508,dfc94162-16d5-4630-a750-f2e610686507
509,5092d585-ecb0-4fc8-9f42-8113fd2d9b13
510,dccc8824-2a3c-430b-8dea-918724329cbb
511,e130ea6f-e4c1-403c-830a-6cc087c73e60
512,45596198-5051-4f18-b108-f45001e60d6e
513,ab3ef158-86fa-461d-b177-0528ec184b84
514,2b427d0b-7f1e-4ab3-9930-d9c1d05c26e6
515,e11dec05-b663-49ed-8b6e-0b7ac43c9882
516,7b9f0232-5d3f-4204-bf50-05360ee9a4b6
517,33898bde-1f56-497f-871c-aa0d76bdaea3
518,93ee5e7a-4f2c-4216-a110-c20030542594
519,cc17e70f-1bb2-401b-8c76-a28504b12e0a
520,1a1e1e76-e93c-4a30-b9f3-a45e88abffc6
521,fab84a2b-aa56-4298-9de8-a02cb6660c24
522,e462b7dc-3bb8-436e-b2b8-cd4b850eee0c
523,f7e3fb59-fd48-4b23-8bf9-11c196883fe5
524,30f71927-2dd2-4401-971e-dc52a8b60278
525,da6c4b08-941b-430d-b5f6-1a2bbdeba7e6
526,5432e913-9248-4bd8-9832-70b760bbf1fa
527,d1a678dc-b38c-4d47-ac4c-9e106aa99ac7
528,d5e64d7e-3b89-449f-b90b-e11ba126df63
529,1dd00abc-520a-4165-81ce-b4e21d0695d0
530,754b97a0-6130-4754-a24a-b83b23c6554e
531,a25170f2-6c24-4ec9-b2f3-f8571ecd824c
532,518aecbe-8398-49db-97fa-c4833b6c4946
533,029d1a86-9d1d-4c07-adf0-ebd7de927362
534,97440877-07fa-49dc-8491-9cbe073e8ef4
535,066edb04-cd48-46a7-9634-dcee75dce393
536,c8889e72-25e8-4fb5-8d74-cf781e8ba939
537,e1f61ab6-2b53-41c6-92f7-bbc1107f48f8
538,afba4b15-5be4-4c5d-94e4-f56cc3dc1b12
539,a547e6aa-c712-494c-bf2f-478ce27c801a
540,a80cdb4d-f316-4118-8569-bc3a0e44a599
541,dec74d2a-32cb-4f51-b0c6-0c3b39ae770a
542,86bfd888-4d0c-40da-89ff-f3a01c761413
543,b70b6a58-792d-43e8-8ccd-4a576857a8f6
544,592be177-4ba5-4a9a-912a-568dac90f635
545,fba1cf9c-77d8-4874-a94a-18bc146ce888
546,279d8fb1-788f-4166-8363-c242a15a3960
547,d8eaa989-5771-4596-aa7d-2f9c8e9ef29e
548,0cbda925-fcc4-47e0-b8a6-dc57fdba0d4e
549,82a042dd-6331-4a0b-85f5-6ba318ecafdd
550,0525b8f9-1e34-43a5-838e-25a67c94b1c1
551,4ee4f95d-ccab-449a-8be0-260e7d61ab17
552,3ee07dab-8fd9-4407-96c3-deb9b36e3063
553,5e021a43-02cf-49e0-88cf-8db816e822b9
554,2a81e94e-2fd5-434e-a58e-dc3bb91c90a4
555,85291a1c-0be7-41b0-b597-8c4d3609aab0
556,6b0ac616-5f52-4cf3-8952-eae7b0307e67
557,f2a865a7-5d28-4254-97a5-2fde99ea5bc4
558,a5b70e08-5bea-4163-83bd-3167d7c006a7
559,39e0c0ee-292d-4c50-9ddd-757497e7e0cd
560,8570f8f9-79fb-4f71-b2dd-b750b7214a33
561,d6531b21-8e12-40c3-822e-a00b67c58650
562,f225c8cc-a038-4bc9-81a4-90622fabcd0b
563,0a3b43a4-2d04-4b77-b0ad-b438e197a158
564,e3130f62-6a1d-44c5-bc46-fc4104250c68
565,5a8a2d48-8243-4c7a-ae5e-170181d61eca
566,3b83c68c-25d9-4a4c-b6e6-73511b7e9cf1
567,23ae51e9-e405-4bc0-8a36-52a2d41e7817
568,bd74e7ce-abff-49a9-a2d1-5bd5a3bb146e
569,ee6aea0c-c616-4daa-9d18-0c8c90dbe5ae
570,0c0aef01-1965-4356-bb1c-fae259839dc5
571,4c27b246-6435-48c2-8e61-6c0537fffde4
572,01774cf3-564a-4b94-b9f5-f4b26fef14eb
573,dc551708-2738-423e-ba6b-f33b0e21955f
574,855824a6-ae85-4ae5-ab05-ec4a1160a7dd
575,8683327a-66af-46be-a17a-553a67e8aaa1
576,d41d8dde-8387-4bd2-b8b8-cc3fe38673b0
577,56a608ca-0bf9-4478-b016-786d2034551a
578,527dabae-dce1-48a4-8362-0e51fe0b16ee
579,88a3aaec-3a5d-47a3-97e8-25baab6b34ae
580,13f9d319-6859-4352-8f94-6192a855eb5f
581,dcd5a5a9-c645-42dc-81c1-69c56ce81ea5
582,a642d2ce-42ed-4ac8-8882-567520c01863
583,c14446c7-56c0-439b-9bc7-7618a771620f
584,4ebb93bb-f1ea-4912-869d-941942f4a1fd
585,b08032b6-60e6-4f46-a138-67a8249f370f
586,e61bdce0-047a-4db8-ad0b-7c2c9478545f
587,0c9e66cc-6a9a-4c58-a5ed-e1d72e6f7701
588,866c108a-0b8c-410a-97be-ef44faa8ef7a
589,56e8da89-e05f-4d33-9350-cb96d89892fc
590,4c525a64-25a7-4c72-84e9-f91ca2bab5c0
591,0636d3eb-2c22-47fc-ba15-1fbe5f0b7423
592,fe23ee89-2918-421d-927c-df5dae639661
593,3b4b1eb1-12ff-41d3-8ee6-c8a6cf745345
594,c3b929ee-7443-456b-be10-875969ded927
595,5cb63d59-4e9b-415f-8889-d18828dae1de
596,a27ded7a-c655-4b65-94ec-a8ef92180067
597,e43c1964-cff0-4feb-8a43-e726a30067aa
598,bf448a0c-c884-422b-9151-e1cf3a0915f8
599,8987c96a-1a5d-45b5-b905-73065e17d677
600,83933c01-5040-4be4-bc17-9052ea59349b
601,69924a92-1684-434b-b824-60634fda744e
602,97af04d1-0acd-46a6-ac8b-825c111d874f
603,5fcd4d0c-a3b6-4244-b3f0-8e7542fa3335
604,5f400fd2-45b4-488e-835e-3fbde937f859
605,c53de757-8517-4a7c-b171-2fe968326df5
606,f1f785d3-fa65-46a5-b10d-7b8fa6d951b8
607,ffb91556-ef2a-4aea-b471-1ca73308377c
608,b44a5191-795a-4d83-a59f-aeec0e08360d
609,37cc0d7a-8f64-4338-a5d0-c9c20d2f03e7
610,9020c862-ba09-42ee-a06b-7f4226960291
611,5221fd8b-d06a-498d-bf12-c606d386826d
612,4facb13f-ebdb-4e35-81b6-34568f8cbd11
613,18b3dfa2-8f7c-46f7-ae30-cf4e273c359b
614,33d29704-a5a8-4eae-b5d5-59eb4b115697
615,125405d0-ed76-4cfd-ab77-e7fe9ab553f8
616,5c3064f9-6e76-4ecc-84df-b937a7a648ae
617,01708883-ac89-41c2-b267-420164a7ea98
618,5df652ac-b9ab-4ff3-b27e-bedfa901f093
619,5833bed6-ca4b-49d6-a934-6bcb540d4c61
620,bfed879d-d8af-4069-9152-6175e6a4ca45
621,c396d64e-429b-4e41-8bfa-3d5b002ea96a
622,c28bd10d-faa0-49cc-a29e-6dcb2681fb16
623,a0a7ce03-70e9-41e7-8518-248ef844cc3c
624,7706f0db-7bff-4e77-9154-3dbaf2b9cda5
625,b2a39be2-3aea-4ad9-acf6-b7ce59937a22
626,f676a91a-7f48-4f71-8804-7033c38fc00c
627,dc3f73a8-8f4a-4cd8-90c5-80afd89ef9f2
628,bb1573a1-8d58-4c34-a516-ea716b4a65e3
629,23213019-7772-4b84-9a6c-767348ff22a2
630,289e8507-9955-472e-8516-e5bf7fe5f1e6
631,63e92d83-ebe4-40db-ba96-ad8ab010504c
632,e849a4c4-9ac3-4192-b507-57e75c650f27
633,791c35ec-d6e4-4a3c-9922-8cda408a3d0b
634,f8f0141a-f511-4a44-a2cd-d8f1482c92fc
635,74e71513-a02f-413a-b6f2-a0a60e0937e7
636,f2d1ba9c-6349-4da3-a5a1-1893a94de9a7
637,f240aaad-f0a1-4620-9959-b48ec4a5b830
638,dedcedbd-796a-4d38-a264-8899bd7f8868
639,25944d24-8e8c-4f3d-9b0f-ce36ffc360cc
640,5e3b7608-d33a-49ba-8933-3bd7b790929d
641,3ed3522c-302d-4238-99c6-446c55f067ed
642,0be30e98-bd0c-49ab-8dc4-48da39f3c0a1
643,dae458f8-e71b-4827-9b3e-668fa34d15bc
644,09604d67-9b10-4b8a-81d7-2e40fae62e43
645,9dacfef6-a9bc-499a-a009-78aedae5579f
646,e41f7fab-0b73-458d-a6b9-cb40ba3fc4c9
647,f7e9ea52-5a5d-496a-8eb1-2eafb6f99021
648,a7e03880-fc59-46e7-bb25-c926412697e6
649,40c0e67e-fcf9-4f94-9d81-288094e035b9
650,049a6d07-4901-4746-b9d5-e554b1728299
651,866b4d3d-c0e5-47ae-8161-c33872818888
652,f320afad-34b0-45af-9a1f-68457e3a8fd2
653,265c4de4-fad4-4172-abec-2411798078ec
654,3d34dbf0-ebd0-41a7-a771-3760050e016e
655,7c385b5c-e9f6-45fa-8931-d8495679071e
656,94d2f54d-8981-468f-9879-4625ec8f2041
657,19ddea7b-9ae6-48df-9c6c-31c05b71c851
658,d26242cf-1d9b-4fe5-a798-b0c1633257ed
659,9de191a1-581a-45fd-95e6-a3244d801ad7
660,cb500a54-e349-43cb-9e71-149f9e8a7666
661,e16a5498-6267-4513-afef-56761f3c97bd
662,a77b0a3c-f147-46c8-a441-3641c2738a0f
663,5ee34f65-86ae-4714-973c-011a56b26003
664,7579585f-679a-40ee-baa0-787335a2b271
665,9ddc2940-cc87-462c-9029-e0be32de62bd
666,04bb1468-8faa-44da-b769-1ce3ecb06636
667,a7c64aee-edab-494e-97ef-34c3975cdd9a
668,d14210d0-439c-4bff-a44a-a214c6ae4694
669,ec4aeee8-4096-4050-a670-480f7e14d6ef
670,1054df6a-4588-4a3c-88fa-a58867001e07
671,5f362a36-88cf-4280-8aa9-5139ebe61f47
672,3fa27e90-9fa7-4ba3-b411-8488e59d1f43
673,19c19a9d-270d-4e24-a7e8-4672d00bb5ac
674,dfe7e8d7-ccf7-4aaf-a9f8-83b5cd3a45f2
675,6f898c8b-87fb-4f8b-b669-507e2751b6b4
676,661d5386-e369-46aa-939a-ab23696bc4c0
677,4cc07e6b-f32b-4167-9d23-b5bfa6503164
678,c78568e0-2a68-453e-80c2-cbeda7cedb5e
679,0a6f15b1-4dcd-427a-9565-ab62cfe05e0c
680,a622ac8c-48ca-4cc4-a42c-546445679fba
681,23b66b4c-b867-40b5-bdfa-1be412de10de
682,6e334e3d-5239-4e73-bbc5-360405982d27
683,6d0635ff-1e60-4ffb-bf6b-8bcf748af801
684,ebb0238a-41db-41b3-9350-d061e6f87264
685,020dcf09-8048-426d-a45f-d8f32a031951
686,5047f325-e6fc-4031-a6c8-7a2cac3c182e
687,9a2afbc6-4aa4-4646-9176-7df1cb2ea28a
688,92bec09f-2229-4025-9330-d1851761a7f2
689,f645f023-5466-4c2b-9005-ded9e9abca39
690,cc7e5679-c339-4ea7-a4f0-c48569d1e751
691,bc9c5446-4df9-438b-985c-e6471e12e1d2
692,11a9ce08-da2a-4862-b94c-e0cfb7e1569c
693,fce22f5e-211f-4ef6-a8df-cd3b48c4917f
694,78989a63-ad1c-4b7e-b38f-bbe22d824a54
695,30a38a95-2f63-4dd8-a9b9-2bcbeb5c1b87
696,96caf206-e6eb-4450-a300-7f7aaba14c19
697,4f232203-69a1-4927-b982-407c738b7026
698,cbc10d79-d73a-4f50-91f4-191031884bc2
699,c75ce4fd-0453-48ea-b6ce-3720eeb07b72
700,ea2dc512-5c39-4f6a-bcbd-026a5e7050b6
701,f892aca7-58c3-441b-8a63-7b469eec1417
702,b7f78cab-24b5-4c49-9c78-e616e641ae24
703,17ccb66f-f947-469d-bc45-8f846802b5e0
704,3c61d2bd-65d3-4bfe-81d5-e6b45b15703e
705,69b82d8f-e48c-4d21-8bea-d8bec19615d1
706,9214906a-f9d9-46cd-88c7-94523b8844d3
707,aa34a434-518f-4b08-af9e-72d56db1d7e8
708,e72439bd-973a-4157-b853-b86d31d1a6f6
709,644be843-2434-440c-83c5-a66c8630d6f5
710,22fe35d1-78ce-4c4e-a725-043b66f594b8
711,b6f40ad5-458e-4e55-be81-f7f40fabbfdb
712,a4b29cc4-bae5-4aaf-9048-e22bb24a32b6
713,66e6bb9c-7c57-4008-9f44-bb53e3fde11e
714,6bb2b6db-cf70-4820-97ef-ca87784ba275
715,f8cf3d05-4e08-41d1-b65d-7546632fef69
716,d0bb5ce0-c48d-48d5-ba1c-c9faa23e0bd7
717,fd814fec-5f48-4718-8679-ff1efe1526ca
718,9f424841-e378-4d43-9954-9ae2af614a2a
719,d71b9113-83f1-4498-9d62-6408f28f5c5e
720,7006775e-b204-454c-a3d6-010af79329cf
721,ae52c900-a012-4e6b-a355-f61dd7c96f4d
722,5e7e4c7a-5dae-4a5a-b658-b9c4f2c31fd2
723,9bb5615f-7b8c-408d-932b-e4216b92ff1d
724,81dd2318-d37b-457b-81a2-316a495783cf
725,0351025f-7646-4cf3-835a-45fd8f61795b
726,a667ff1d-a8bb-4393-84c1-3e5b70ee35b2
727,e68d58f2-90dd-4871-9f95-f0ddfa4e8fd6
728,3e0d057b-a5f3-4763-9415-0dcfb0c9331b
729,743d3887-ec00-4d38-bf66-c7533e8d568a
730,3e83951a-fbcc-49b8-b450-a8b01bb8525f
731,103e8bf0-7b99-414e-922c-8dd942106609
732,348d601e-2fc7-4dfd-b003-94705964fcaa
733,d6de7d6e-eb30-4133-af97-bfde89dcdb19
734,38520de8-ca76-4c03-94c0-4f1a02c4fcaf
735,e66663e1-25a0-4c65-ae88-e81185a2158b
736,a53b35d3-8719-44b3-9490-8a6259f3ae5c
737,d05bf4f0-01a5-4957-b0b0-ecffe4171aaa
738,6fc4fc29-fe09-46cb-9a4e-5dd22e0f2e80
739,91d357aa-2f11-4be0-ab12-0d004f1f45e8
740,ef50a1af-e444-4039-8daf-b49a5f300ae2
741,3853c1a5-30ef-46e5-b4f1-c2216f4d4c09
742,2f304b02-bc7b-4402-88ca-1cf88263a374
743,10fffd47-b03a-4e4d-914a-97f14fa48258
744,c90a0226-ce43-4b99-82d2-614ceda36232
745,1640a9d3-519d-416d-9477-ab8de092bf96
746,d9761fec-e26f-4a2b-ae41-3bc6c35966de
747,d48f330a-f656-42b4-9a2f-9d6e55e17b09
748,4167c984-d573-465d-8a65-712b84e42a61
749,27b950b7-2d1d-4059-96ec-9c581599a493
750,d586164c-ef37-44d5-814b-446c393cd3c4
751,3364b2ab-6ead-45b9-896f-f290ff61b9cd
752,d7584f35-321f-4542-bc83-3a39b03bd7a0
753,6d7cb6fd-153d-41a9-b0de-70e2e2ee69c2
754,d22a42f5-0b3e-45c7-a155-7f44d36a4cc2
755,dab5c739-96f5-423f-bde3-283681cab0ad
756,65b0cca1-5304-4e3a-a210-c35d864ac39a
757,59fe61da-38e0-4bb9-91e8-49cc39522a7f
758,0c882f44-294b-4b21-8e9c-61695476b7e3
759,f3eaf489-dcfd-408a-bdfd-819b01b00d9d
760,fa3420ac-46fe-400f-a0a7-68d2a17581db
761,c6d5f1eb-a329-465f-a043-e0abe763de81
762,c05ba5a9-40d4-47a6-8f7d-19504d219231
763,827627d6-f230-479b-8179-bfab1f206e64
764,290a4e9b-13b9-4e88-ac8a-834096b06c7f
765,b0b1e554-c0aa-4977-aad6-3dd7e9a31b34
766,1cbc9e1c-52d6-40d0-a362-0cb96f437078
767,f67b39b0-2822-4e34-aacb-58f99de63d70
768,d570c039-4dea-4d3e-8493-0e5c340297c9
769,a4f3cb31-9c56-4c8f-a4cf-075fd1f66f94
770,d59d155e-f989-481d-ada2-975c3ae35cbe
771,e7a4d806-15ff-4206-9f75-8f53a79a1d8b
772,0d3251b5-a431-4a3f-b899-dd5d000b3ca8
773,6e9ff852-ff35-4c9a-9723-5ba27b37d087
774,34985bfa-5747-453f-b1d7-793add9f3f2f
775,6ff5bd41-040e-48bc-a91c-13c56499cb58
776,42ab2cbc-f10d-4097-98d1-ba7c944d753b
777,bdd71a1a-35b0-4a85-8487-ba9a2eceeb16
778,adaa6642-fd24-4687-8bc0-61786548d820
779,f3713595-b9a4-40a4-8a36-1d33b83f63f8
780,4ab7baf9-78b4-443a-b7d7-5173b55bebff
781,6b93617c-4cdb-4ca9-8401-46aa1a1584e8
782,2c12d603-7a77-4a60-b5ae-8d6d30d8c37c
783,2d27100d-f9be-4992-9950-9e485f7bdfa3
784,4d9dcb9c-368e-448a-be52-e0d82b9d3011
785,446f0eeb-a15e-4d0a-8df6-87d3aca1c76c
786,ea4e6196-e78f-4423-96fc-d9d75ea50eca
787,e1fe9e54-9321-4e1b-817f-052bc9a04df0
788,820573d8-f1a3-47fe-b0ff-b339f2844dcb
789,6a12354b-573f-427f-8f7a-ca2275ba640d
790,24e79e37-c6f4-4e7b-b425-887bf244186d
791,6ce7f32a-05cd-4336-91dc-ff456fec3efd
792,6d939497-04f6-4448-b88e-ac96f9c3de21
793,d36f19ea-a685-4327-9a11-4f9834169b56
794,6a3fa919-6e6a-47ca-824c-fad125c87841
795,a50483f7-8906-41f6-b071-2e258c00ab9e
796,5a49fa8f-70d0-4a9a-bfed-ea3752e71c0e
797,a2c4a317-353a-4b51-8ded-c662ea4829ad
798,3db836b1-9d6f-4a71-9537-39882e9b299e
799,f84a6648-aeff-4b45-800b-bf7e5e86864e
800,834608a3-797e-4cda-ab44-f991179398b0
801,43fee915-7693-4f27-9eb7-8a9b87bffd8a
802,2afe1b4e-7f43-499f-b608-d142359af760
803,7e9dd8e5-5579-444a-813a-6cd7015e755c
804,8e27fb5c-d6d2-48a0-82cb-0156b3df1a5c
805,5a43b9fa-cab0-4cce-83d3-1fcfac2cb3c6
806,82dc38e6-e248-4d01-b993-656c91efc964
807,3e88c8d7-b374-468f-ab29-0a73f6f56b32
808,f66920fd-2b86-4e3c-89c2-58c9e4e52045
809,30a53f6d-26d2-4b13-a395-2275f6f59fc8
810,7c9e4b82-43c1-49d3-834e-178a36684988
811,26763589-2879-4610-ad15-393c1ee93a7b
812,9b126e87-0d75-42a4-90aa-152633950266
813,89fa170b-fc8c-45d8-883a-1c4051165bcc
814,6d54d798-682b-4bc2-81a4-477a8ee03989
815,bbeebfac-7da9-4319-ae83-6f93e37af726
816,fa5b09f2-ab06-4c55-9240-4d27d7fb39fb
817,97a32bd8-a2e0-4afe-a49e-990ea78663a2
818,6b13e541-9b18-4250-aff9-0f4d62911bbd
819,044738cf-837a-42e1-aa1d-2a5f8b26ca07
820,4e6a122c-2e87-4e20-8d15-491267b946db
821,9357e094-a37c-413c-8ea6-61ad426ac2f3
822,e69497c5-75ba-4e2e-a603-e092ef3a2e7d
823,356a3dea-a1cc-4a2d-abf0-a38533aa53fc
824,0e50450e-d090-43c1-be47-ee2050031d77
825,ce41e798-c069-4f0f-831f-51a3d57092cc
826,5037ee85-e0c8-43c2-b80d-37d660791f56
827,4f5e0558-9d26-4898-904e-2e5a642f4cff
828,a527bc6e-05be-4212-bd5f-2e563acd042f
829,c5648497-a417-4919-9711-87a86b289228
830,79816e1b-9e75-4be4-9b5f-4d3647df68b4
831,26203e7a-cf2c-4d7f-98d0-4874aff7e210
832,dc188d05-7ab0-4391-9e2f-c9a8ec3d1fa6
833,37fc8787-6e4d-4629-8014-9190b0ea5c80
834,08ae54c4-1b14-4c6a-a462-479f0a4e776b
835,2bb81267-f4b1-41d6-848d-bcb404a29ba3
836,82079156-5efd-41aa-ac3e-230de977a027
837,106ae8ad-7c9a-4ce9-b9dd-9b3a841eff51
838,35c3202c-5c79-4be2-8b7a-041db8fa32ec
839,d2ceb7ed-241f-48f7-a9d0-bad0ad302e23
840,23c25991-e852-4176-85ad-06bc20a8eab4
841,3b56c9b5-e592-4cd0-86cc-507375fc8c58
842,f8484c72-b28e-4265-bf0b-00cfa174c3ac
843,55d6ff40-abbb-4810-a140-eb3267268075
844,4670c958-4dfc-4266-8949-a7618f21b3d4
845,d0e6ab51-9ba5-4003-bc83-6dc011bc7e2e
846,70e7beac-e8e7-4420-a202-5bf3ebc482d0
847,2491d8e8-4759-4e96-a1bb-428a3ae6e763
848,dba92880-7647-4f3c-9e3f-71662dd04457
849,8e84707c-d04a-4282-9478-5baee9b53ede
850,f6b67e3d-cbc0-4d11-a161-1577443fe03d
851,4258aadf-cc62-4f8d-bc62-7a77753b7a0a
852,4ffdb120-c275-4c4e-afa1-da3bc685171f
853,0e7c07af-f3b6-43db-9d74-ec5cae768e08
854,dceee92e-3134-4918-828a-da8a3c2a71e9
855,8685882c-9702-472c-82cb-ec35811d625c
856,25d98bc3-71fb-41cd-ac30-9d5036c04824
857,17fbf703-a0ed-4ab1-bdd7-89d63b1fb622
858,7a7c0589-6dec-48d9-88c5-8656f88dae87
859,e00401c7-a121-4dbb-a899-7f2c038a5f2e
860,01b97aa3-03e7-4993-88a6-4796b40ca6ef
861,66213d13-647c-45c6-b584-bcaab68a2e5f
862,7e8d790b-70df-41fd-8c4a-2747acbf977f
863,678fdb74-c229-48c7-aa23-ba7b23217f93
864,605baed5-3377-4ff4-a327-10ee6ab89009
865,644982d1-8084-4264-88ab-df18ade84fc0
866,8c1a4cb3-572e-4187-ba39-2a2af39ea5eb
867,1c60b0c6-5889-41ff-b08b-06a0438b8cdf
868,37991d04-5a6d-469e-8acc-87383bee8b16
869,96a96df7-fd17-4990-81a8-4bb18a4b42ab
870,54c8d1e0-4f2c-4f16-ba07-800c2c47f097
871,4e388d81-719b-446e-ae3a-6cc359f6499c
872,4cf3d030-7238-4ca0-805f-53db62ef2394
873,7a61996b-eac2-451c-bc01-4d8754e310b9
874,42a14bf6-7715-4376-bdfd-3ef8f5f76fdc
875,52b4b130-c667-471a-8dc6-eaada568d4b6
876,5b333805-bf52-451c-a35e-9131b681c6e7
877,7c721349-0bc0-4e82-be79-b7ea37dcd42b
878,62a563c6-e659-41c7-9b42-d8901e884d01
879,4ba626d0-6769-4e9d-a945-c34821134d6d
880,cd7cc665-cdab-44fe-a2df-f729fc7a115c
881,d9f6137c-e60f-4833-aebd-d3955caf95cc
882,6df87de0-2bce-40ff-9f7b-74af576637f9
883,653cf63a-e8de-4137-9401-bb856202a253
884,2d69e125-f4cb-4fc4-b957-048f41aba4c8
885,a7d88d10-1538-42cf-9c55-06ae99ecc508
886,ca933ed0-1897-41c8-9fac-be6d89d9da52
887,8bba8d72-3551-4ff9-8244-a632c6006c19
888,9865a328-5f97-482b-8fb1-135a217a2edc
889,424c5f68-cb73-4633-a4af-31ef3c85e03c
890,4524cf16-a907-4821-bfb5-eb44a5bebea4
891,963d99b5-5fee-47a1-a2c5-2e5039ebf64f
892,45751064-9ac6-408e-9b09-f9c1432de5c6
893,e8804537-36df-4293-ba06-dfdf25b8e285
894,e67ac5b3-ca30-4ef8-9957-032bdcdda5f6
895,cf26486d-ebf4-4e2b-8dc3-568cc86ae2f0
896,8775378b-2757-4682-884b-17847fb533f2
897,707d6d87-4fb1-4579-ab17-467e6eb31c51
898,e83ff61c-f6f6-494c-8385-25c3180344b0
899,a5598d74-e64b-4619-9058-8f4bb535630b
900,285aed31-f10c-4931-9648-4d1c0d02c678
901,145214e2-975b-4025-bdae-50bf5494755c
902,be1d90b4-8509-437c-8e9a-447bb88ae427
903,a9322495-b106-4a99-809b-47dc9ad100df
904,e31c9adb-7db6-4c4d-b322-e1d7d24e3754
905,9e5387fd-f044-400b-b4ac-64326ab59bc9
906,1cda5f3e-611a-4d77-87df-e67e29c288f6
907,0733654f-868e-45b8-afa6-8c4d4709cbf6
908,05001b11-1d31-4325-8e61-3e3e48a895bf
909,69527d04-3cde-461c-8abe-09c01717f6c7
910,c9cd9b49-7455-48a7-b9f0-3de6397547ef
911,82dce821-ec5e-4ce3-b053-19b5bcfac5bf
912,55f03db4-1bc9-4aa9-a3ca-3cf566b658cb
913,27543a33-7085-4f1d-913b-5985ddc1a1d4
914,45b3cb7a-589f-4e20-b3ec-de031313d2c3
915,315c530f-85c8-495d-a715-0f19f26471c2
916,8d574376-bb2b-46a0-a82b-af9a6172c15b
917,9904e367-ebb7-4f48-b72f-d082d8198824
918,c547ea4a-9487-431f-8f72-74b11e0cf8e0
919,6dcece65-a17e-4262-9280-e15673ffcb58
920,963399b1-f36e-4c30-a8ee-420fd6a68404
921,14ed373f-ecd5-4f67-8c7b-6c41b832d854
922,95ee13a5-a579-4ae2-ad72-ab9b22a137de
923,7071044f-5af9-46d2-8046-7b466c01adcc
924,e5746dc5-d01f-43d9-a797-289cc839d01f
925,95e609a5-60ab-4165-9df3-3b5d6ec23903
926,4137cbf7-4766-4dfa-b651-caa9e5148485
927,6842f8b6-3995-4bef-abd2-e163812c9209
928,febb752e-ae0c-4dce-95d5-9f4ed6d291a5
929,591a4a59-9740-4d76-8416-bbc774696ae5
930,c34c8577-ebb6-4fba-917e-39857ae36db9
931,0b174eaa-c5f1-44a0-91e1-0ebf5ec0247b
932,cfdf554b-3dcb-4842-82b5-0564333793b3
933,80ca2781-173a-4c99-9138-5e52505e9425
934,632f2474-da8a-4004-972d-2d2955e67d24
935,5037f1dd-e162-4bbb-8e70-7c08e48a4464
936,a03fca6a-a9de-4d68-a7b4-ac085398e0ec
937,fe97a6e3-c573-415d-9b93-c1fcfe393bc7
938,e0ae1038-fe80-4b8c-9bfe-f2bbfd905f6b
939,4990dd16-60db-4587-b53b-4caed6efb840
940,75705968-f552-4b5c-aa67-9bca0b2d9bc2
941,8b36da8f-0750-4ede-af01-f02134086721
942,2e16dad2-aec5-47c4-bbe3-f87c8700c7cb
943,7f8c90fa-bbd1-48c0-8eac-34e05c036014
944,62fa479f-f3aa-4043-b76d-75bef3c05920
945,79e9213b-43f1-4765-bc77-b2c76757219f
946,a4290d1b-ee2e-4459-802b-147169a2a927
947,a9e7bfad-c503-4ea1-a0d1-4cda50539112
948,c8bb0dec-f49c-4d3d-88af-367951370adc
949,021e4a8e-89c0-4872-bcb4-91ddb1946bce
950,fc2865a4-8441-402d-a2f7-b4cde013d899
951,839f6f73-b641-4db2-834a-a3818b655ea5
952,94bbe6b8-d514-481e-86e3-1ab14b3e5d35
953,017652ca-f545-4233-abee-33a32d6304a4
954,e3df6429-fbd1-4a44-897d-dce64a8ebfef
955,7a3f5164-6d80-4c86-8653-a26474f2876c
956,23a97f90-105b-411f-83be-afc5812c74c7
957,1ed3a52c-c7a6-4396-827d-55449062f1d3
958,babd5fb5-ab93-43be-8289-a243fd1695eb
959,4a7bdcad-5707-498e-b91b-d65d2a8f1604
960,1491873c-9a2b-4d6c-af00-8f7994155daf
961,cb2be888-c33c-407c-bb7d-363b9eb36a3b
962,c9e09964-5995-4d4a-a56c-df1ab12bec7f
963,90db8504-eec8-4f17-a298-39619196e811
964,df38e18d-51d8-4f3b-9d30-4d4d55988fcc
965,e35904f7-cd6c-4b59-9323-ccb164a304bb
966,f30f8111-62c9-47d2-b9e4-7c752e709fc6
967,b332f544-3bf8-4969-9fa5-86bbb51e57e0
968,796753d3-1349-4576-8770-9d15a631cba6
969,014a00e6-11c9-4fd8-ad85-dac7d02956b3
970,f161d6c5-af95-48dd-817f-b5361eb0fb98
971,b14cac8e-cab5-4eaa-8445-5000f674d765
972,07cfe00a-7d9f-4918-b13a-6cff866f5f18
973,0b014f9a-bd8f-4526-9b1c-af4d08b22efc
974,795556e5-fa9d-4f42-b9d8-7b526d74afc7
975,3f1084e9-1661-46a6-a32d-5d585b09600c
976,8414ddb5-bd7c-48d8-8593-203d80f01470
977,e1d10ca2-817d-46c2-839e-2f51cff594bf
978,b1dd7a5f-5f08-4d69-a927-c8c915012025
979,8dc70584-f12c-45a2-a816-b453c9e098d3
980,0b8150f8-ac1b-4291-8393-9ec1bdb99c9c
981,9962fc3c-0aa1-48dd-aec3-74725f08186c
982,6c6f739a-3d24-4283-9afd-bc1bce996e1b
983,75435280-759c-493e-9a8b-5450cb6d5e04
984,25270d9e-b15d-454f-8438-bc8250e07ae4
985,4d0d7adb-f742-44b5-b570-999d3e4675a3
986,97e6ad6a-c9c6-4515-bc9d-723a04764af2
987,d160f967-dff1-41d2-bb5c-c6f6868f40be
988,639d6a2e-2b75-41f6-a168-00f62b73d91d
989,81f853d9-0195-44ed-aebf-d714bacbc577
990,34bc9e14-92d2-4bee-94ca-65cb972f9d51
991,428e8f19-8ddf-4aac-805c-8578ac8181e7
992,d697c2ae-3c35-4bfa-b10c-c3b8ff4cb617
993,5cc47a2a-25b4-44c9-8a17-940cb617be9f
994,892700ed-c074-4e14-9525-b858b762a326
995,efb26877-e7ce-471b-b6a7-c8f5c313b49e
996,e59c08ec-a123-4ec6-b0ee-750952c7ab8f
997,957d0191-3e56-4ed9-80c3-4fa04bcee9b3
998,207fd3ed-09a2-4103-97da-edcb4e984ecd
999,a8d74140-2293-41c3-9df1-0d50321483b6
1000,ee200d87-0ab6-4162-b782-79562e5af4ba
