id,contract_number,start_date
1,89b5c67e-989f-4e7a-8924-b7f6439b3b49,12/5/2025
2,95c20784-a26b-4777-b862-939a540a9dc9,12/23/2025
3,67657d0a-28f3-4da1-842f-41232ffd0fde,1/1/2026
4,64a6de36-92be-4d76-a749-b05a537df83f,8/14/2025
5,7469e458-5408-425a-87dd-f54ac67bdba2,3/16/2026
6,10354bde-44d6-4b36-95b4-dcd93f8fc547,5/5/2025
7,239f6919-58d3-4120-9db0-cadad7d48a74,7/18/2025
8,705036c9-4012-4920-82c0-5eb1a7126679,4/16/2025
9,99b11149-c4fc-46a2-84a3-c01ad8f7f1b8,6/2/2025
10,fa11662b-4124-4fba-9af9-bdc69cef9e1d,1/24/2026
11,6b1df118-6c26-4cda-bfb8-e624fa6d0ea1,8/3/2025
12,6a8801b1-c846-4323-a52a-bbf063b845bd,4/8/2025
13,051b37f4-973b-4447-889a-99f9ccd7bddc,4/16/2025
14,edeb2e75-cd23-40e9-80b9-84cfe1a6fdec,2/18/2026
15,ddd15160-7be4-4c46-a678-faca218defb6,5/22/2025
16,03a9212e-05bb-4b12-8c52-6b09ff0a2de7,9/7/2025
17,2571c29f-bd24-43d2-86fe-eb154f4ab669,6/24/2025
18,d9bf4d90-28e4-44f2-a34a-8b154eff604f,7/24/2025
19,4c9013c8-03db-48df-8206-d5671e7dba0f,5/14/2025
20,54ef9693-69dc-4bf7-9a7f-9718c4cf9f35,10/24/2025
21,933de7c1-3d73-446e-a798-32972da92c3a,8/24/2025
22,3629f494-b133-44ef-bdbe-74949316e7f9,11/13/2025
23,d089798a-c2f7-4c72-9f80-d944138205a2,9/4/2025
24,5aa56e22-4810-4f1f-81d3-17f4f216ec81,9/27/2025
25,d5bad515-36df-4959-8803-ae6ac3c6cb8d,2/21/2026
26,84b65aba-1a4f-479d-bf4f-78e2993bb912,12/1/2025
27,efb676fb-9dad-4221-abe4-af6041db41cb,8/1/2025
28,593086f3-47f7-4fa9-93e1-e719bdfba823,11/23/2025
29,9c0f7818-2e45-4d1b-97f2-5657c3aab7e8,2/12/2026
30,48b846bc-6246-4811-abf8-78f0ed22f905,3/5/2026
31,b27fedc4-2d25-49b5-8ac9-09fb91080228,12/29/2025
32,01885477-1083-47f7-a21e-1ed5b5904770,10/27/2025
33,cc727958-3ee2-4057-88da-fa3583a4b6bf,8/17/2025
34,6927b83a-24b9-4e01-8aca-708b713f595f,7/1/2025
35,cec3d981-e1ff-4796-bcaa-8b187b47210b,2/10/2026
36,2839248f-8b23-4160-9aaa-d8a166801257,11/29/2025
37,fcb15849-af91-40e3-bd95-02feded79401,8/17/2025
38,2fc40ec2-e421-424c-b807-ad9422c77c6e,8/17/2025
39,b55c7e38-5f54-440d-97c9-fcd8ffecc25c,12/4/2025
40,17d22361-4dab-4ac2-b007-ee9d0629b282,2/5/2026
41,bef42736-2e4f-4796-91a1-afffa968cda5,4/30/2025
42,92749212-4793-434b-b462-09d2884cdbf8,11/24/2025
43,f6f2b147-34f2-446c-aec2-95a13850498b,3/17/2026
44,79035ca1-d257-4da4-ac2a-a7ccb248b114,2/19/2026
45,0cd2a290-2109-4ca8-8e35-26c7492a38c3,9/1/2025
46,85af67ef-bf6c-4eac-bf96-96d8faa68ece,2/6/2026
47,01ee469d-185d-4182-81ac-f6617dc74f54,8/2/2025
48,ed2397c2-7a71-4adb-b81c-59f37f04eec8,3/23/2025
49,0994dfa2-d1d2-45a7-87ac-c0c9e15efa7a,2/28/2026
50,4510cd80-2cd7-4b33-8acb-972a4aa3300a,12/23/2025
51,344c7a9f-2185-4349-81d2-0f424809378c,8/1/2025
52,2632abc3-3eb5-42c8-a71e-17489d097ed1,2/15/2026
53,36eb4310-4999-4a29-9421-ad400de5138a,8/21/2025
54,2d65820d-1e2c-4377-a9d0-25f4104006c4,9/9/2025
55,b3cf4f31-6118-46c0-bdad-b83acd8af626,6/13/2025
56,af76e7de-86ba-4d4b-aee4-9ac72dc761a5,5/21/2025
57,3830c2a9-c649-482f-a99f-597db42dbc26,4/30/2025
58,95df85c5-db12-4063-b0aa-b500af910cb6,5/12/2025
59,b942a25b-27e4-4ae6-b809-7ef642d02013,9/7/2025
60,f4cc6b97-d3f9-4671-b8ec-2104ceed5409,4/1/2025
61,47cbff4c-d0cd-4c10-b65e-984cf6729588,7/11/2025
62,5946e6a7-5044-4864-9aa0-35ac53b7280c,7/12/2025
63,1efe4e94-4139-4dbf-bce2-84fccf3b37cb,8/17/2025
64,b9899230-a37e-40e3-aad2-2ece29469053,12/10/2025
65,b2bb66f3-9b2c-4b56-9c2e-4b16841ad343,9/16/2025
66,900dfd6e-18e9-47ad-8f89-ab15f28a6fba,1/16/2026
67,a5aedd3b-7336-4794-9003-410cd2cb328f,6/4/2025
68,eb033f01-e447-451c-8a99-cc1dc2626ef6,7/3/2025
69,137f0fde-1509-4f40-9e88-53eaff7cfc87,1/24/2026
70,35e01fe2-0f38-4809-9296-2f7cb02f32f7,8/14/2025
71,7256059f-07be-40dc-9e4a-6185929c1bf0,10/11/2025
72,ce7d590c-7103-4599-95b8-880a382e84fb,6/6/2025
73,cad985e0-af7f-4367-bd24-2ccc80f6a68f,5/3/2025
74,aed593b1-f917-494e-b8a9-1bfb6ed93e01,11/13/2025
75,c96aaf04-5cac-4417-857d-f4f25f80af0c,1/11/2026
76,8a9d0ef9-6719-4ce4-8234-8a7fa1064d39,12/21/2025
77,35e97c75-92b9-4520-b9bd-3f39b9849984,1/24/2026
78,46813fff-2508-4d8d-98b5-d24d936500c0,4/5/2025
79,ea31750c-6a81-42c2-9a4e-3adef6515210,2/10/2026
80,f55ac84b-d742-4ff8-a074-c7e87a04b292,12/17/2025
81,46957f79-9850-4c46-9e1e-e0fb2d0f502d,10/11/2025
82,a0b71b63-80b4-420e-a8b9-5c07bf6eebd5,3/7/2026
83,3b7a0206-8154-482b-852b-94608e1440f1,3/8/2026
84,f2b670c3-18e5-4a08-859a-e589e3b03756,11/4/2025
85,2c420f60-9abc-49af-be3a-ce260af2c259,9/19/2025
86,98b290f9-8d32-4a2d-be35-03020ff62a89,6/10/2025
87,9586d13f-0cae-412e-9bcf-8a6b761c3c82,6/3/2025
88,c299feef-ce86-453b-8f54-bb503557562c,5/13/2025
89,1c91f713-338f-4e6f-9ebe-fd8ba5bc0127,5/2/2025
90,b1dafbf8-3612-45fa-9d0e-36639cdeea85,12/2/2025
91,ab7a456b-770b-45e6-a51d-2208df8a2a03,8/20/2025
92,a0261f31-785f-4717-aa52-4a7b278d006f,9/3/2025
93,1d5e7836-1302-45ac-aaaf-72c7dc2123af,11/26/2025
94,2fce731f-84a4-4846-a1dc-212ae96b8a39,9/15/2025
95,631f0259-14de-4898-9621-329c185d40ab,12/16/2025
96,8a638356-acdc-4696-b56f-6363e56ee696,7/29/2025
97,21053c4a-1300-43eb-bfc0-3615a7c6b6ef,6/24/2025
98,b66e5464-383e-4b99-8406-6387372ff31b,1/18/2026
99,71d25167-c9f3-4cd2-afbb-576a2bac1019,1/3/2026
100,4587b0ce-1584-449d-8cf0-f47edaedde5d,8/1/2025
101,ab17fe2d-7d9f-43d0-81ec-3deeb0870693,2/7/2026
102,cedfa1c6-e200-47df-a4d8-2fb7d18d4adc,6/26/2025
103,7f9078ca-85f0-482a-baaa-233732a00d38,12/21/2025
104,7ce570f6-f26f-4216-9f62-3e04cfa8c7cc,3/9/2026
105,2f8773a8-1080-4b2c-b2d9-efbfd69aa1a9,8/26/2025
106,ea2f49bd-81b3-4371-9743-e34c979df76b,10/25/2025
107,7bb376b7-8eab-4cff-b70c-fb6223b04549,11/4/2025
108,a33805a1-f347-4069-946e-50cbfc2169ef,9/1/2025
109,58516ec4-6130-4920-b5a6-d96e6b323552,5/30/2025
110,2b9005e1-40ef-4799-b010-7a86eaca8ffc,3/4/2026
111,a9d64fd4-c3a6-475b-8e7c-7f03bcd95360,3/31/2025
112,85803dde-70f6-468a-ac13-fdb892699e74,2/4/2026
113,5428eb23-5a25-4d60-b274-1350dffc64ab,4/11/2025
114,06c859f4-6fa7-4621-8701-300dd701b747,4/4/2025
115,bc8fb7b9-6e1f-4179-98ee-43dcd7be69ac,4/19/2025
116,c6daed54-8f2f-459f-83b5-e7cb9a02fd5f,10/18/2025
117,d0c7c5db-6e5e-473d-ab92-f40a0353fa60,4/21/2025
118,3ec99b4a-7fa1-4410-a3bf-c154913bcc26,2/27/2026
119,09ee413a-24d9-42b0-93fe-5e28fa33cffa,2/13/2026
120,e3658edd-e23c-4097-b8d4-c18f9e5f657b,10/11/2025
121,8bc79699-035f-4fe0-a3e2-9eb68859b5f8,7/10/2025
122,c0d2c12f-52bd-4b8a-9ad5-52003f3fc626,11/4/2025
123,d53a287a-a1f0-421a-b14e-4e65652c5c3e,5/11/2025
124,0df4d9e3-4551-4754-85d9-ba9a044ff614,1/24/2026
125,d05c46b9-5fa3-4130-a262-60ee600b02e8,7/25/2025
126,e70fb51b-5a08-4b28-bc40-346663a605f8,6/7/2025
127,9edf9b1a-d49a-481a-9fb0-96e90dab57e8,4/17/2025
128,b141e135-dbac-480b-aed7-03720b556b9e,1/28/2026
129,4272b500-8fdb-4230-8b8d-18e45067b0df,7/10/2025
130,1f343b12-d285-463c-8c9d-3e9af9e3e5d4,4/13/2025
131,9f98be8b-a67a-4c88-a933-48dd1e6e2a93,10/28/2025
132,f1f31f0e-4457-4854-a365-5ccd90d15dde,3/24/2025
133,af09d5c2-1ae5-4501-8921-63f0f533e69e,1/3/2026
134,4ec1eeb7-5985-424d-ba9e-abd36b178062,8/17/2025
135,916c437c-6bff-4510-a66e-65693ef69013,7/6/2025
136,2c915264-c9e8-40ec-ba07-2973467f34fd,12/21/2025
137,5dc9728a-548d-4dbc-a8c0-388077b6c73d,5/5/2025
138,f49a8ace-0483-4118-9f1f-d0827dd33c3b,2/17/2026
139,6ebfed27-6705-47f5-b5f1-e43f65ce7c26,9/14/2025
140,7435b95e-a63e-49fb-8661-fb1be762b158,5/18/2025
141,8de8f370-6452-4495-ba95-26c095f8c469,10/13/2025
142,3ec93634-855a-4f14-b1be-10c8370e02ce,12/16/2025
143,bbeb2fcb-2ad2-4acf-8b7c-5dd9a6037e38,5/8/2025
144,9ef5f9ce-2d5c-40df-bf58-36762381f5eb,3/15/2026
145,f92dc97f-a432-42d8-81c1-9a4c5117840f,3/27/2025
146,6b22befe-2ab7-48fb-8a2f-0469a1da9207,11/21/2025
147,9567674d-2b23-43c8-8020-f380e430437d,2/6/2026
148,d7a42ec6-fe21-4b10-8305-01131255f48e,3/30/2025
149,8e3b4e3f-c1df-4cd5-b7a2-3c4310530c28,4/28/2025
150,7fc2e1ea-d3ad-4275-94ce-88b6cc135ea2,2/27/2026
151,cc541cd1-b88b-4f40-b459-53e789e5c605,6/28/2025
152,16d82230-6f88-4c60-850a-443bf75a39a2,3/13/2026
153,4204ad79-9373-44e3-92d9-edeb689e8b2c,5/14/2025
154,669d5102-8497-41b0-ada8-f9e2e1f7b9b4,3/22/2025
155,deecb93d-5a8d-48e5-8159-807719998794,11/3/2025
156,bb89b1cb-5c25-4f64-b379-35a4b419b0be,6/23/2025
157,cc1e10be-76c7-4f70-9540-2de59366d07c,3/18/2026
158,0f971ea5-e4de-4dce-aa11-67093b5ffff1,2/7/2026
159,cc1c6221-f1f3-4e11-be3d-bc3e08904f2e,7/3/2025
160,9dff7660-6a0c-4879-afe5-e80c999ab76a,2/28/2026
161,bdc1c486-8027-4d3e-9086-054e3353dc51,7/27/2025
162,0fd9a65f-8c57-43ee-afc7-03a977a69c1b,8/10/2025
163,f99d125e-9774-40b0-8c60-1978c8f436b0,7/9/2025
164,b6f7634b-75c1-412c-89fd-9c7a4cd4d4dd,4/18/2025
165,c63cd87e-b6b6-4083-8aa6-9d0fd8f03946,9/18/2025
166,37ac6b76-0d65-4c46-a9fd-32b228c839dc,9/8/2025
167,7679d242-c44d-4c86-9a39-d0c3a19a2775,3/3/2026
168,36b71112-a529-433d-80d7-1f7dd8caff15,6/28/2025
169,0b431784-63d5-4d80-aff4-1a72f846eb67,12/27/2025
170,78f47362-57a3-45bd-9356-390e1f0e6d0d,1/1/2026
171,983790e5-31e2-4cbe-a8d8-33c90cdbd736,7/26/2025
172,9d46c08c-6158-48ee-85a4-13a3379f31d1,12/13/2025
173,f29f6395-be7c-4121-a383-c73f15d2b452,7/7/2025
174,75c28429-7404-4ca6-9355-ca2839661bd8,12/3/2025
175,c2f756f5-2a1b-44e9-81b3-cc81c5ea7af7,3/25/2025
176,be514a9e-aebf-4be6-82ea-ca0b352dceeb,8/22/2025
177,de3461bc-d038-4f27-936c-36a6a2738453,12/21/2025
178,f2c156f7-dc33-4e16-b14b-088e5e76f1e5,6/29/2025
179,1b3ad14b-1ca8-45c1-b85f-5eee95ef5886,5/9/2025
180,b2cfd924-29ca-4299-abb6-3219d7387065,9/12/2025
181,fbda51d4-b41e-4ea4-894a-36fe117c9ecd,9/9/2025
182,6e2fa26d-e2ab-43fe-a28b-045bf262f01c,1/8/2026
183,9aa16290-a121-4bf3-83b4-38efff18b092,9/3/2025
184,ff2e0114-0283-4bfe-8f0e-ce97cc47606c,9/2/2025
185,78ae57f8-c3fc-4e72-8815-f8d463623fc8,7/4/2025
186,576d4878-90af-47b8-adbd-2ab3eec156b2,7/3/2025
187,dcc38ef3-f92e-43f5-a749-4de26eb8c1ed,3/4/2026
188,5a4c052d-4db9-4043-84e4-f3f7c5fd030c,9/5/2025
189,cf12ca3f-0438-42de-8f63-ca05cde4e558,10/6/2025
190,527ea9fc-6613-4ea5-9135-ab4b39e3e4bb,5/27/2025
191,3eb4b1e8-2e57-4194-b901-c931c5b07e84,3/21/2025
192,0d2bb730-0e4a-4bcf-b5c3-40f339df2107,11/28/2025
193,3e8eb085-fc1c-4130-887c-eff225515c8d,8/4/2025
194,bb8fd5d0-8d39-4f2f-8d25-0dbe5d898b1b,7/31/2025
195,f9a9440b-e00f-46b7-b32f-4623a9730609,11/3/2025
196,97f4d986-b9b0-47e4-af66-73c086c039da,9/30/2025
197,536ec357-c9e4-456d-94a5-7c0882f426cf,4/5/2025
198,019cc37c-b06f-43cb-8ad2-f5924232ca75,10/7/2025
199,a51151f5-c742-4daa-8e4a-42e5cfa752da,7/28/2025
200,e63441bc-8eca-48ee-9c29-9dcec48e251c,9/20/2025
201,573189f6-5ed0-4cdb-ae74-1138a8ea66db,11/24/2025
202,3876ffaf-2485-4b8b-b992-72249b76c5ff,6/25/2025
203,a75392b8-632c-448b-b34a-82e0ae2df0b3,2/16/2026
204,238db8b8-9516-4ab3-81ea-dec8efe981e8,4/2/2025
205,8e1c99bc-f8fc-4e18-a8fc-de5de30e5dc7,5/6/2025
206,5ba4c00e-e990-4442-a963-7ae0a4dce68d,5/22/2025
207,1fe4dc0b-dbe9-4472-a3b9-8f69e7926afc,10/4/2025
208,27247a12-4952-47fb-827f-cda7be2f3991,8/19/2025
209,ec6782dc-cc56-4662-b252-ab6d035a6471,5/11/2025
210,b06af114-68df-4441-8739-5dfe18375e57,1/22/2026
211,1a3f4c3d-3468-4911-95a8-cfd55f80d4c5,3/4/2026
212,c3150059-b973-4b92-a8b0-8ea5fc3dd11e,4/4/2025
213,a3322b52-940e-4c26-8055-982113967ca6,1/25/2026
214,ae2a8d91-184e-4771-9179-f960f0b88458,12/26/2025
215,14fec39c-7bf5-4d08-9a16-98fdb54246d9,8/23/2025
216,42b0ff48-9cb9-4f14-9386-73af9cad74d4,8/25/2025
217,e2755b02-6e47-4950-9a76-3d02a2a026f0,2/22/2026
218,4e9e9807-c58b-47f3-b586-a7e4463bfd44,6/9/2025
219,1d755dd4-8dc1-4a5b-ab67-6ffa6c78bc19,3/7/2026
220,b525bd20-b933-4361-abbf-1edcd2c9c7d8,4/19/2025
221,d08efcc2-eb7c-4af2-b772-a6c913024dd7,2/12/2026
222,538e17a3-fbdf-499d-91cd-c44c0f9c6baa,11/3/2025
223,1d7eca31-c32e-47c0-818d-6179cde639e1,1/14/2026
224,2494d5c0-9aad-40fa-8553-a921b1b63a08,6/27/2025
225,c4a04492-ea00-44f7-9385-34fdab4265d0,9/1/2025
226,349eecf1-fde6-4c31-b9c1-854b53d04c9a,1/30/2026
227,9a433fe1-4253-48fc-b890-b6831a1142c2,12/15/2025
228,c4f6c0cc-5246-4c3c-b2ca-b8a5166203a5,7/5/2025
229,f5e8192a-6741-470e-8295-35476e44ee85,4/27/2025
230,ab9fa796-28b9-469d-b5f8-5e227e9ef483,12/4/2025
231,6d2df035-27e6-456a-9357-74878c587f88,10/17/2025
232,f464002d-fea1-4aaf-aee5-05bcbfd321b6,3/21/2025
233,ab883f84-570d-4970-bdf5-2ba65bdcdd3f,11/22/2025
234,93e13959-c93d-4c7a-a7c0-2b4112142a07,3/23/2025
235,7a2339ef-3eee-485e-a69b-05a0e572ab52,4/21/2025
236,55eed2a6-a5ad-4962-a64f-6518b2800636,11/21/2025
237,d94953b1-98e2-4b27-b981-63f98c0af18c,2/17/2026
238,af09beaa-c033-4bf7-9f83-cd9919ba9a0b,5/4/2025
239,f9b6c0d3-47d4-456a-83e3-ab254e2db445,6/10/2025
240,0fa4f51a-ff16-48cf-a8b3-3105795e69cb,3/12/2026
241,fbeab21b-4f02-4790-869a-6d6044196f0d,9/3/2025
242,32f3feea-8c35-409c-a6ef-e6a7f55c23ad,10/12/2025
243,17292451-4f44-4083-8261-5d4407c053e6,5/1/2025
244,c1fb2b02-0ea5-4ae6-9457-e46572ef6835,11/20/2025
245,1bc43cbc-8018-42f5-a859-7ec8dcb893df,12/13/2025
246,f5f84ed6-e782-4cd8-a8df-111475930415,1/9/2026
247,016e7b43-713a-4d4d-8140-4765e7b2ec63,5/31/2025
248,ef118749-68bb-4e4a-8cc3-422e746d43f3,5/29/2025
249,f295bd14-6df0-4109-aaf0-9e1997fa23ad,5/17/2025
250,3cae4c1e-b6e5-47af-9faf-8c3bc95f9f17,3/5/2026
251,475033e5-0400-4109-9301-3092a0cefa57,6/26/2025
252,a61019a2-b54a-4345-b54f-cf84500f2d1b,2/16/2026
253,86266e99-f563-4113-8c5b-60f1cf9cf599,10/12/2025
254,d0f40ae8-166d-401f-924f-a82c80c716be,6/12/2025
255,8eb349e3-ebc7-4140-88a3-47056594e17c,5/21/2025
256,1be90365-0f06-4b25-ba7e-9bf2b39a4254,9/22/2025
257,f732c795-b7bd-47bf-8ef7-d8f371b27389,10/27/2025
258,9cfca68b-15e5-4a11-b76d-57d2d21384b7,2/2/2026
259,2408ecc8-7d1c-4a1b-b2a3-b8577d91a658,4/13/2025
260,b4a28f12-7e1b-435b-b156-54ea5657b2ce,11/10/2025
261,b5a94adb-3542-4cc5-887d-f16ccd5d7c84,8/11/2025
262,9ea4e039-e9dc-4b5b-ada5-9c22095c2b04,7/24/2025
263,87ee1da3-7e02-4d24-a94b-76645fc7eb00,4/7/2025
264,6dea98aa-7d7b-47a8-9fd6-4aeba8015246,12/13/2025
265,13848af7-7975-46b6-9dae-b5c917d940cd,5/6/2025
266,0d87f0e7-2266-4123-925d-82b3b44a4a4d,4/7/2025
267,0b5ceb57-8e57-4d27-a893-d4ebef5a19e3,5/27/2025
268,16a4f23c-082d-4504-bd3b-bbfdeae8f7a9,3/22/2025
269,b7329859-6295-44db-bd65-ea1eb2bd8068,10/10/2025
270,50fe2812-47fe-4231-9e7b-33626e61629a,2/6/2026
271,3e9280f7-e0f1-4734-9a79-7ad8a97cfa44,5/2/2025
272,8d8d04d9-9924-4481-88c8-2fa58014ec52,4/14/2025
273,80c000e8-90a0-40d8-931d-66c2326ee658,8/31/2025
274,0b603b58-258e-44ca-9182-b9d307d68642,10/27/2025
275,d450d5f6-4588-482d-a492-9aff9aa807b5,2/28/2026
276,f9612c55-8ce4-4f44-bbe5-7e4c66ffb2eb,8/9/2025
277,c3e88b4d-87b9-4109-98de-208617ed0d28,4/26/2025
278,5ec248b2-11ac-417c-8cbf-b81f05ac2c8d,12/14/2025
279,4a3f1dcd-39a2-4202-8f1c-47fca5b5a2d9,8/17/2025
280,62a55fb8-032b-4180-86e4-1cf0cd1cafe2,5/14/2025
281,ffbe1e91-bc2b-4b4b-a64a-18b0e0140457,8/12/2025
282,4fe362a9-767f-4a0c-a3a9-29afb670eb0f,8/29/2025
283,fa66dd8c-684d-4be3-a1ae-8a225c2c0121,9/30/2025
284,75c96b75-2ab9-430d-b968-3e4254100857,7/9/2025
285,a201d4db-fab7-44ae-8dd9-1c4e3897b1ed,2/25/2026
286,d4521be2-581e-47ab-b668-2b7761436b93,9/13/2025
287,c4860678-82ad-43d8-8459-cba5f44dee54,8/6/2025
288,4720032f-6d37-468d-9400-4189c9b0b811,2/7/2026
289,4fe09353-a8f1-4701-b094-52e47463b83f,12/31/2025
290,c6a88cdb-5b62-4896-bbbf-d62d16077a1c,3/23/2025
291,34e05bc9-c2cd-4e00-afcb-b5fd70c2bc6e,4/10/2025
292,a403f36e-62af-4018-96a6-18174a701242,6/28/2025
293,a26bd7e1-365a-4393-b433-2086236dfdfc,3/30/2025
294,91057780-4de9-4113-b5f9-ca9b3fd82a12,3/8/2026
295,bf422662-8004-4e7d-956b-59a245a6708f,5/2/2025
296,d0aa791a-ab34-4138-8d59-b90a8b33ccc2,10/2/2025
297,aef02dae-e096-405a-8e25-5bc3f2c893f2,4/6/2025
298,95c1dd61-9c3e-405c-8deb-118c84a75a59,1/4/2026
299,8683d046-e35b-4d56-bdb3-7ad983d03004,6/1/2025
300,df58e3f5-e03e-462d-890e-ef107c2cd214,2/13/2026
301,57314728-8539-4c00-ad36-ae33f478ba5e,2/23/2026
302,05a1f264-6d96-440e-a365-b379cbd2faa6,12/6/2025
303,e31f3e5b-8277-42d1-93a6-bec7da47f4fd,4/16/2025
304,401debfe-5aae-4b16-a793-15f874440b67,7/4/2025
305,b13e6a74-baef-426e-8aec-49315dfb7eba,5/7/2025
306,6870766f-9a96-4191-91b3-f8ee6ae06fff,11/19/2025
307,582ea458-6c3a-4961-9a82-714283634e08,11/5/2025
308,7cae7b2f-5499-485a-8cc6-5fa6569b7418,8/10/2025
309,c4036318-631c-4e0c-ab89-d2960d88e85a,8/5/2025
310,de1e3d25-444f-427e-b303-a2fe34d83239,2/25/2026
311,b78fdb9a-42b9-40f1-9b2e-21a6b28faa8f,1/5/2026
312,6aba8d31-6f35-4b41-a6f4-078373814508,11/3/2025
313,710119a6-dd39-476e-8408-0ae3100714b6,3/1/2026
314,f7b5b840-c84c-4912-8ea4-b6083dd508e1,1/30/2026
315,b5ace10b-caa4-4c2f-b5c9-8ec4ab0d22a3,5/9/2025
316,abc6f16c-d15b-40e8-a7f7-df4b3b0c5b72,8/13/2025
317,8fa7d7af-9640-4025-a3ba-66439bbee13e,7/6/2025
318,ace51dba-67c6-4ee9-be5f-75e51484f3a6,8/24/2025
319,d13e33f4-82f7-4873-8acf-53622fbd832c,6/12/2025
320,cffcdf82-cdcd-44ab-bf42-d0b369a6a5c3,5/25/2025
321,357a9def-e5b3-4311-8113-071a8f58b259,10/8/2025
322,5df7176d-1ad3-49ce-9521-9387944f782c,12/26/2025
323,cafbf337-06bf-4670-8eaa-a5d3e531da0c,5/21/2025
324,3eb3fcae-ab15-4e7b-9dde-50d383ab8bb1,4/24/2025
325,82f3dc6c-eb07-4beb-8ce1-b2ef46fd99ee,3/20/2025
326,51dd9afa-1d5c-4423-b87f-0b2355c9540b,1/7/2026
327,25e394db-7aeb-4e14-bce7-3c4d5693e465,7/6/2025
328,657600e7-3930-49d5-b4ae-1a59f19ae72b,5/10/2025
329,62c38710-421c-4afb-9351-29f9afc5d3db,2/18/2026
330,476ce2eb-5baa-4a37-8079-a02055743d6b,11/15/2025
331,a102e3dd-ab05-4c44-ac95-c9fb4d97e1d6,12/17/2025
332,d47bbd97-6ff1-4f8e-b315-e4f8cef36448,5/16/2025
333,7ee899e9-5fb4-47ca-a6d5-3c58e8f1b45b,11/7/2025
334,bd2c63c3-b997-4b85-bbc6-737bfe061a25,12/15/2025
335,2d2f2762-baed-4fc9-96f4-008276491e17,1/28/2026
336,b5319462-c528-46e7-879c-3cab211e635c,3/18/2026
337,b9bb5399-cc73-42bf-9316-3d4b1d9c9453,10/11/2025
338,c46020b7-fe34-4279-9043-ac82a5189103,8/31/2025
339,8d049bdd-477e-412a-89e0-bd7f6348968e,5/24/2025
340,f1083a35-492e-4864-8969-83a6f2337af5,11/13/2025
341,68ce8d15-7a7f-497e-b515-c808b418570a,6/14/2025
342,23ec668e-d86b-47a2-a51d-a6fd5660a541,9/2/2025
343,4ab240f9-c520-4cef-8abf-ab1c89b52163,7/23/2025
344,6c12f50c-a5b3-4c3c-a4a3-f13021c7869c,8/3/2025
345,c10f13e6-2dc9-46da-83c6-0c51cd727051,5/17/2025
346,fee721d7-1adb-4920-b30e-fcd3cd4c9e35,4/19/2025
347,d6952ee5-fd0d-43bc-942e-73d18d293a67,8/11/2025
348,51ef50f5-4e34-4084-a316-7d54ca81c46a,2/7/2026
349,65a77061-a8e9-42a3-82f8-44b1ccb89757,7/12/2025
350,c33c5174-c1fb-4ef6-9e72-c3695b844a83,10/11/2025
351,e63b1c5a-3faa-46da-8147-45a682ea255f,2/17/2026
352,a23b11b1-00f1-48c4-8821-b6d507741e66,4/29/2025
353,7156c5cf-0777-4298-b100-abbd01536283,7/18/2025
354,d020e2be-2c76-45b4-9979-cbb563904892,8/12/2025
355,d1fed7a0-3ac5-44cd-9f7e-65b933a0045a,2/23/2026
356,72499fad-993b-4252-816c-3bad53a327cd,2/17/2026
357,75be188d-6c5a-4f59-994b-f8b076a182bf,2/25/2026
358,4de55b91-2a67-4ead-acf7-8d56669382ae,7/15/2025
359,015bad65-affc-4fd2-9283-09bd2ed8ca23,4/8/2025
360,023e5105-1888-4e01-92a7-079b953ba5b0,7/13/2025
361,4e6dfddb-170d-4068-82ac-be6816e89098,2/22/2026
362,82148542-445a-4c0e-b53a-420f8da0e59f,1/22/2026
363,c11a6438-11c2-4d27-8f67-13ee637471c0,5/24/2025
364,41629262-28b7-4269-8524-c17583aec123,3/25/2025
365,073b84fa-f446-4333-b0bb-f24fa66e6476,7/6/2025
366,1e1afae2-0037-4ccc-b0c9-e7576f27c435,4/13/2025
367,d78d511e-9d0d-43e3-9f99-f4595deff846,12/12/2025
368,f52b7847-bcd4-439f-a007-9b348e01c291,2/3/2026
369,b5af0972-9c91-4e81-bb09-294657851ad9,2/28/2026
370,ed33717e-888c-437a-a2c3-f350c1bc72c1,5/15/2025
371,9d7958a1-7661-4d65-adc2-231286d81ff8,8/13/2025
372,73bf6f86-5712-4182-80dc-786e80d12cd5,7/21/2025
373,e6c90dab-5f1f-4067-8dae-6bd8b4bf8545,12/27/2025
374,26d818d7-7d45-4fbb-87d2-9ccc3f4b75e9,2/4/2026
375,3c9a952b-d784-4845-9215-df96dbf3b896,8/31/2025
376,41268335-4485-4fad-b1ce-a6c052da3a5d,10/8/2025
377,d96326cb-77c7-4a01-80a2-43817db88276,3/28/2025
378,51c20bef-3344-47db-ab7a-e772f9b795bb,11/30/2025
379,1a0657e6-99a7-4c05-a9cb-b10ef400d8de,8/14/2025
380,26ab96d9-c1ff-488f-b517-1b9c7ba371fd,2/3/2026
381,6e9300f9-8ec3-4a05-9986-963e383b91fb,6/15/2025
382,812e58b8-e920-4d4a-b5f6-7364a9b5d77d,7/16/2025
383,7b303a1e-0621-4870-90af-cc822f76078a,9/22/2025
384,df5e38a4-7621-42e1-b475-dd1d1b3134ac,1/5/2026
385,cfe86d9d-d158-4e4f-b3c1-0f2830737db8,12/15/2025
386,9f06ca06-f425-453c-8298-8f0235c222a4,6/3/2025
387,f30d9bda-68f9-4778-b71b-c3312b3ca684,11/2/2025
388,1bfa970a-f10f-46e3-8d94-31175ca8b633,7/17/2025
389,7a355729-fb99-495b-95e3-e722ec54f6f5,9/22/2025
390,9ec3dda7-a0a0-4b3d-bd9e-d2ea9a40755e,9/2/2025
391,0813f2d4-7518-48ff-b93f-a9787cabb39d,1/3/2026
392,e513a040-7b56-42fb-8698-cd498ebffa2d,10/20/2025
393,c97f2b80-f31b-404d-b97d-4a6d997c5f00,3/10/2026
394,2b513dcb-6ccd-4b2e-8975-53b32ee5d03d,1/7/2026
395,adc48a3e-bba5-48fc-a2f1-c119840ce9ff,6/23/2025
396,c01c9114-aa7e-48e9-8383-fd7ee8363d50,10/7/2025
397,75c5d51a-da8f-4d5b-9027-314193a9818a,12/18/2025
398,cfe94cb5-7d8e-4316-ace5-9e4a59431cf4,1/30/2026
399,24157c1d-5bd2-4b54-abc4-21e2d4ff0269,11/1/2025
400,c8c29562-8059-4232-9e9d-1d622367fd72,8/27/2025
401,fe3cd08c-0345-44d4-a7e1-fa92c799fc98,3/29/2025
402,6f34036b-8ecd-4985-84aa-da9b4e6e4be1,10/21/2025
403,2103da7b-a8b6-43d8-8e82-ecd2d52f2277,7/20/2025
404,7c4a52a3-2776-4c9e-bb8a-b9f8130f895e,10/14/2025
405,e52ecd4f-6c92-473e-b65c-99f1588f0788,3/13/2026
406,0dc36d1c-5645-49c4-a8f1-c0bd5d14a842,12/26/2025
407,633e3bb0-e935-47c4-a6e5-6c9b97ad2abe,4/7/2025
408,61e29665-fab2-42ae-b340-f43ecb5e70da,8/18/2025
409,a9fb613e-96f5-4ea2-8736-a2543cb2fdee,12/24/2025
410,c52f0325-ce08-46a4-bc22-5807ed03e0e7,11/17/2025
411,ded5af5e-2884-4f8f-a95b-1d4ffb16f78e,10/13/2025
412,9075eb4a-4f0c-4c6e-9948-b9fcd29cc0eb,12/12/2025
413,faa14035-e4ac-4c68-9af3-f9804031067e,6/24/2025
414,14bebfb4-b381-4f70-9715-11c3226cf91b,1/23/2026
415,053b77f3-51b4-430b-b4ae-8d60c28b4795,2/9/2026
416,337280be-927c-4016-8c6a-2223e95861be,8/20/2025
417,fd700486-e64f-4816-bb3b-51ad069f97af,7/4/2025
418,3d44ca17-d7c3-4ff9-b3c0-573acd07a7c0,1/22/2026
419,3852bbc5-d4bc-4d99-b356-d71312a261d9,9/20/2025
420,69a43f55-1b88-48b9-88b2-d58bad9fa278,11/16/2025
421,d1d687fd-459b-4939-a3f5-d7c2915efcdb,12/30/2025
422,2cb161ac-1ef3-4e19-b1d2-7b238846ee9a,1/1/2026
423,1126b10b-2222-4ee0-b3ac-04932033b8db,1/13/2026
424,59c2b0f4-243d-40f1-b8e8-34cb8fbe392f,2/20/2026
425,b1c163b8-17f6-435b-9f2d-384b569198d6,2/4/2026
426,454350f8-9e6c-4275-bee6-72d3e97019f4,4/17/2025
427,754281bc-237e-4cc2-8265-db7c99db1527,1/25/2026
428,0c7cad6d-425e-4ed3-92a7-956b7dc875c2,7/14/2025
429,50c3f4bb-92d2-43b5-a7e1-6a9a735e2d2e,8/23/2025
430,77441583-0154-4ae4-8524-d305e78bed92,7/25/2025
431,9878c975-ea6c-485d-9871-0a3bdefd76bc,2/27/2026
432,a2e728cb-4580-4b1f-ba9d-20fd1b0046ac,11/7/2025
433,6d1dd815-a087-483c-9f85-271200348f22,9/5/2025
434,70a76712-b8ef-4ee9-92e7-7486104191f8,7/25/2025
435,2a1ad0c1-0975-4941-ab0b-72c3e7c09c9b,7/10/2025
436,274da7ac-2394-49aa-b494-8e911b53e6d7,12/24/2025
437,133adcf6-8cec-458e-ac32-b6c780c473cf,4/12/2025
438,5a994563-97d8-4781-b603-2c0fedea2a51,8/28/2025
439,24cbfeab-4ffe-4643-b3ab-17cdc8582d1f,7/9/2025
440,d7a4cebb-d7f4-4ae1-8d82-ba624dc20747,10/25/2025
441,8c0feef8-9c95-45f0-8b93-67a03976448e,5/18/2025
442,b56749ff-722d-4cde-afe7-9c472af70edf,8/26/2025
443,ca677fb8-9dac-41eb-a00c-83c2114f888e,7/14/2025
444,7cb9cafe-e84d-4ee2-87d3-429c79ab4f39,7/14/2025
445,01f283e1-d8ab-48c8-91df-914912140450,10/21/2025
446,8f357012-a410-478d-9d3f-1616822d6cd5,5/8/2025
447,4a3c20a3-cdca-4355-b932-cb34e3889c61,12/27/2025
448,be1462e2-cc01-42d2-87a7-2cf924134e00,8/19/2025
449,41d800d6-cebf-4ddd-97d5-b9ca0e0e6c6e,7/10/2025
450,b06c09d9-f540-42b9-856d-149c1be0f133,6/4/2025
451,65ecb6c3-c07d-4d47-89cd-dbd7f028cead,7/15/2025
452,14f6a9a5-17a4-424e-86dd-308e79d3b0a1,3/27/2025
453,5c64a281-56d5-4322-aa92-b5629b6d25a6,1/1/2026
454,faacbb27-b0ce-4071-8d73-73438dd92331,4/21/2025
455,cf8646e4-1857-4b76-9d84-1b85209cf700,12/6/2025
456,41abbe13-b902-4e79-ac6b-486a17f334a0,1/17/2026
457,afc00e18-0e7d-4578-b125-38dfa30d4c46,1/16/2026
458,a970fac8-3054-4c80-8808-7ba22273799c,9/9/2025
459,0ae8dd74-cd88-4bce-94ac-57a04baa2863,5/18/2025
460,0e39d5d2-0e66-4b55-b644-977c4f28ad51,7/23/2025
461,b06cc511-755f-48a3-8b16-be6a39ae39fa,6/16/2025
462,e0a3be8d-05d7-4ad1-9897-27e91445afa8,1/13/2026
463,cfefdb90-9944-411d-a0f7-56c2d724c9ea,4/14/2025
464,e31b4ad1-dea6-480c-a955-a31b914a6a6d,2/15/2026
465,a2ee8743-fbf6-4d51-8237-1597a9f364e2,9/28/2025
466,c63b9463-1300-41e6-b7c7-4b751d60f570,8/26/2025
467,e3616790-6fb8-4c17-a36d-bdcb34ba031a,1/14/2026
468,813345ae-3a96-4465-911d-6241a9bc1198,2/12/2026
469,1232505e-1bee-46e1-b751-8916b876a2b4,5/3/2025
470,1c1b9ce4-43d5-40ac-8fd7-5da486f81ffe,8/13/2025
471,a599351b-b35e-4884-b201-071b7638f81a,12/26/2025
472,e56bc8c4-95e5-42b4-9067-0b1f00295272,5/26/2025
473,b8f4f581-249a-466a-9daa-ab02f212e861,8/3/2025
474,075e4eeb-add2-444e-8064-23ac46fd67a5,6/23/2025
475,aa36bd04-fa7d-407e-91a9-b248a3fbbc91,9/11/2025
476,9d8e2b1d-18ad-4ea7-8c6c-3c76d6abe1d1,3/9/2026
477,8a35b267-c6aa-44cd-834e-a6ab92302358,5/6/2025
478,a363dc9a-94dd-49d0-b681-d26548c86383,2/25/2026
479,2123899e-7c7f-420b-a2ef-9896fb345eed,2/4/2026
480,fe3535fa-b27c-4481-92d9-52729b6199b7,2/3/2026
481,efde7c17-3cd9-4abe-bfb8-d4a2c7aaf19f,10/5/2025
482,9e2d296a-9fe7-4d84-abe3-a560063c2d3e,3/13/2026
483,a49d2d6c-f861-48b2-9ad6-7cd2205e3e2e,11/1/2025
484,2bfb6ab0-34b8-4767-a050-6b3869e321c7,3/10/2026
485,d446dff6-2e1b-42ea-b642-463639006491,5/24/2025
486,aabbdcf1-beba-4702-8254-aa16e6f5765a,12/15/2025
487,b294e3bf-e90a-4197-9dce-1050dc846200,10/20/2025
488,be81ef6b-7967-4532-b78a-922241d9a5f2,11/24/2025
489,3181036e-728e-4fa7-9c2f-3ab479475b33,11/18/2025
490,77eb7158-bedb-4ff6-b048-4e8303ffc50b,6/18/2025
491,f82189a9-7338-46bb-af9d-feb042af15dc,7/11/2025
492,80600e55-6aa3-4ba8-9071-151853042be2,5/30/2025
493,ee66c65c-2a04-4431-9eab-14f9c11cc27c,6/6/2025
494,ef367ad1-9958-42df-aabf-ad02d0efb15f,5/11/2025
495,2894b6e1-34a5-43e2-a470-916e96d4c7f3,5/13/2025
496,3bfa98a2-662c-4564-9c53-674577064fbf,12/18/2025
497,4036f2a7-485f-47f4-9f75-a052ab0c9fa0,10/29/2025
498,5ef13c1e-c2c4-42e7-bd61-50828abccfdc,3/19/2026
499,7f7a8127-90c0-4618-a835-5cec2f01373b,12/12/2025
500,3eca66f5-4764-43de-81bb-c8be1e69cbd3,3/5/2026
501,cbcac63d-fe87-4e17-aa70-e46517e92c8a,11/12/2025
502,df282843-20d8-462a-b0f6-949907adf4c1,12/29/2025
503,e69e1cb7-ffd8-49f1-a299-9adc694bfb05,9/22/2025
504,fc4d372f-cdc6-42b2-9dd1-9e8c7c821193,6/18/2025
505,82cebb4c-3b95-4e95-a28c-7d1af0f700ec,9/3/2025
506,98c36e67-fc45-4e88-821e-b955feabdecc,9/30/2025
507,d1f08810-2e0f-4a45-bc4c-4f0107f27fef,11/20/2025
508,728b69dc-e009-44af-99c4-fd6eaf6cd19c,11/10/2025
509,217ecd52-86d4-4d2e-a30a-761e195762b3,9/24/2025
510,30cc6b4a-4745-4a91-95b8-d5955bb38d8e,4/5/2025
511,8292ee84-0384-4441-8f41-60265526bb86,12/30/2025
512,f94eb3f5-2c8a-4b6c-9ac7-7268034a7517,3/22/2025
513,bbaced13-ea34-45c5-9ea6-f65872b41ecc,12/30/2025
514,9227cfef-22f4-467f-97e9-c830c8270ced,6/13/2025
515,82f70e96-63bf-44ca-b5a6-fe629eac8308,11/29/2025
516,2a1daeb9-e94b-48a1-bd43-0d066845a44c,8/12/2025
517,fa4762c8-8263-4cff-905a-0f9a0a0cd50a,9/11/2025
518,0d40f478-3644-4f27-849c-369c5424608f,9/27/2025
519,703f1e93-5086-435f-8764-ee3f1ea2837a,10/21/2025
520,1930a715-278a-400c-af4b-c795529188a7,7/21/2025
521,20c039d4-eaf4-4fd2-8657-55e7b0c2ebc9,5/6/2025
522,9ff03bfb-116d-4d36-bcd7-09e208ede296,9/10/2025
523,d4bdcf24-982d-42a3-a599-059e3cdc153c,10/6/2025
524,05eea80b-4a98-497d-8913-e213e08b3779,9/17/2025
525,290be6da-ae5d-449a-be91-c20155ab4788,11/25/2025
526,8a8faf0e-5e3f-46a0-ba70-c462517cdec1,4/2/2025
527,9bd59583-3aa3-496a-aafc-6b117681dea7,1/5/2026
528,b6824acb-f7b4-40e1-804b-524623d2277b,8/19/2025
529,17313f47-44f4-4202-aa40-8a9c3c9fb1e9,7/10/2025
530,518c4cca-12d7-4047-80b2-f7e729f16e8a,12/28/2025
531,5124cd09-12a5-4fb0-804d-e7c384da0cb7,9/6/2025
532,8e93f5d3-4006-41e9-b7d2-1552cfd391bf,8/14/2025
533,fe60162f-e754-415a-aa5b-92101439cdab,11/15/2025
534,bd4b52bd-c61d-47aa-95b4-9c19e0c27016,10/5/2025
535,26cb18d9-5608-420c-94fb-688ce947f3cb,10/20/2025
536,7c406503-1df4-4d23-97a7-dbb559fb91d6,7/29/2025
537,e6fe1713-8b46-41ac-98b3-cc0e66073b4e,5/17/2025
538,9168b996-cfa5-446e-918a-14be89de7db4,7/25/2025
539,dcaf38ac-811c-4a5e-ba93-9638db3dd403,5/24/2025
540,edf4adab-7cee-4cc9-acf6-afa454180393,7/6/2025
541,151ac8d6-9ca5-45ce-a6b5-1090a27aa4b6,5/4/2025
542,7f8ffaca-c28f-4787-a372-3ef4ffc05d02,5/5/2025
543,c1b8fa53-dd02-464f-9b0b-fce54ae5ce23,4/16/2025
544,ab1eeb40-8909-48b4-9fb7-b2f52d5ad460,8/28/2025
545,a9c77723-9547-458d-9545-49124da76157,5/31/2025
546,5c7e742b-fbdc-48ab-bb30-fa2d6342c594,8/19/2025
547,60be0e81-8c94-4cc8-a8b2-9f499d7fbe8e,1/27/2026
548,aded91e4-c703-42da-9491-a122c467f478,1/17/2026
549,4aeb7406-762e-499e-924d-2c77846d201d,2/13/2026
550,59e415da-37fa-411c-9b8a-49ed8ae1e689,1/4/2026
551,74775774-919e-4bb3-9d15-fd0e26726a09,8/5/2025
552,497cb202-e394-4009-8e80-66933774d70e,4/29/2025
553,1070464f-b50a-40e6-9819-bf70a18b5412,10/27/2025
554,b0ef5a0b-b8e2-4aa8-8f7c-67fc8f34b1f2,3/28/2025
555,879b0769-f07f-45bd-b851-aee29fa9d6ea,3/20/2025
556,ba7c9416-b23f-427d-95f5-fe9455745693,12/7/2025
557,13611744-7277-42a3-b313-8dc24704d581,10/4/2025
558,8522c1fc-cbca-47c8-9119-4ededeeee799,1/31/2026
559,763c51a6-ecbb-4871-aeff-4bf697d5b7fd,4/23/2025
560,1e9c9dde-c3c8-4be6-bd31-f869c3d8f1e1,3/27/2025
561,ba1ebce6-1a18-485f-be6d-0e9804822953,7/30/2025
562,49bf2fd0-4371-4bd9-bdb8-27ceb82f193d,3/9/2026
563,93e42fb7-505c-4792-8e7c-a78c6ce6b827,11/7/2025
564,841fee9d-c732-4dc1-8177-47c46824942c,1/27/2026
565,761b6dba-3f6c-4da0-939b-3251285e6bae,4/27/2025
566,75d0a287-f3b1-474e-a4f3-099c1c92de58,7/11/2025
567,b7b1bc1c-80ae-4c42-a174-6d83e598b29f,5/15/2025
568,e2a5030d-6894-40a7-886b-c5e53a02d57f,7/18/2025
569,f3a0480d-c7ad-4e80-a012-586dd8604471,4/23/2025
570,7df248be-984b-4bac-9268-b54e60215864,6/22/2025
571,9f60080c-b8e2-478b-a0de-7a16bb54a220,1/6/2026
572,48381fa6-f9ba-427f-85e5-207bcd23e47c,6/21/2025
573,685ecd79-7ffd-4649-9394-4a4d302d97dc,8/3/2025
574,f1c228af-0b24-4d1c-ae94-d60df39a3fb9,8/13/2025
575,c951cc9a-3b92-415a-80e5-020ecd21b51d,4/5/2025
576,b7b8472e-7814-4c8e-b505-3afa8feb869b,7/25/2025
577,d56a9a28-2fc1-4f71-9785-186d79094abe,12/5/2025
578,35140f8f-335a-4d64-95a4-1e14dab35409,12/2/2025
579,d980efc6-5d2b-4350-87f7-71eb736fdced,11/20/2025
580,a4e4a7dc-d5e2-4bfb-8128-53f39ce741e2,3/29/2025
581,30ae4f50-7cff-4c8d-9e6a-1523f07d7020,8/12/2025
582,020a8afb-71a3-4e29-8082-0b9fd371012e,12/25/2025
583,89742f7d-aa64-464d-a9cd-0d773a5ffb0c,8/27/2025
584,e1198752-3959-46e8-8a0a-c02142cfecb8,3/3/2026
585,b74572d1-235f-4e18-bec3-d9b8592eac8c,4/19/2025
586,73dc81dc-d4a2-4378-b5b5-0127f1146920,1/1/2026
587,5da7f7dc-a8e7-4053-8bbe-dcfc0c414c8a,2/21/2026
588,49fd487c-fff6-49a0-9423-2324dbccb1f7,4/14/2025
589,e8c17692-9c02-489a-873c-3ee081b58bbb,4/26/2025
590,a28caffc-4cbb-4bbe-a583-0ac7da7ffbd5,6/18/2025
591,34028734-5b6c-4c6f-bfea-98bf85f3b5f9,7/19/2025
592,de01388e-49b0-4685-b631-e26d23876732,4/4/2025
593,81d5e268-14e4-46a4-b42b-396b3b6c2658,7/31/2025
594,9488dfad-0e46-4646-9957-2b5cee92d68d,6/27/2025
595,77a2c2c0-7645-4533-96c6-fbb18580e7a2,6/4/2025
596,c45b9656-1f02-44bd-9daf-e38743593429,8/7/2025
597,7f97b848-e3c6-4f32-8a1f-10a0c3621e47,8/22/2025
598,b84bce66-a3b9-4d58-b46b-3f1f3230a34d,8/20/2025
599,93895986-0853-49ab-87e7-116adacd5d6e,12/24/2025
600,3e6ce64a-ce9c-491e-bd99-3ae366a4cc5d,10/30/2025
601,11fd0e06-5e58-4907-8544-4d264f69aa71,1/7/2026
602,87c87d51-ec38-4eb8-b133-ca55d7d6463e,7/11/2025
603,d75f8136-18b4-4104-9131-085e89373830,4/30/2025
604,eaedb495-8151-4b19-b7e1-adee28bba8c3,1/13/2026
605,b1b1e2c5-6775-4ca3-91a8-a7585cc8b360,4/14/2025
606,46c6e573-ddff-4746-94f1-4ae88ff6a075,5/16/2025
607,692d88f6-6538-480a-88c9-186eff606a62,11/28/2025
608,2c000d8c-4ffb-4331-9020-b0562092778b,11/20/2025
609,e09ecefc-7d19-4079-8db5-eb63b45bec4b,2/20/2026
610,1bd9cf95-6552-417a-b0d9-74865e0d4167,11/6/2025
611,d72a3f8f-1f0d-4985-8d05-2ae402758bdc,4/2/2025
612,1d1001ef-9e2f-45df-81b2-2612c84ebc9e,4/10/2025
613,871bb3cf-0ac7-41ad-8c5c-0678e291bbe3,9/30/2025
614,7b66033d-79fe-470e-970f-266e8002b430,7/11/2025
615,461565b5-f586-4006-9206-db239bfaa26b,3/23/2025
616,fe90614e-866a-47d6-af0d-cf79b57892be,1/29/2026
617,4269bac6-b664-4b10-9a1c-1f2e1f8df23e,3/26/2025
618,ae5e73c4-83bd-4d9b-bfa0-a8edc7cf2f31,4/8/2025
619,7c401962-4504-4042-acc4-69520e0b7e86,1/26/2026
620,e1447df4-978f-4a48-a0c3-6f082009f857,11/20/2025
621,a68ebd20-ac16-4dd4-bbb9-132cbb2ab7b9,5/23/2025
622,0c68a432-86fe-4fa5-a720-948d78f81a5e,12/6/2025
623,b5658189-e812-485a-b54b-21260c8a08b9,3/22/2025
624,c4fb0e94-8b08-4039-994d-1ce2d0473b0f,11/13/2025
625,0f14658c-2cce-4d85-bc47-cd6c14fe1c7f,6/24/2025
626,dfc1b1c4-126d-4033-8d3d-62874b93506e,11/22/2025
627,672206ac-1399-4c1b-b483-fc6f0281fa62,5/23/2025
628,beca8f3c-cd14-4e28-89ee-b5fc706c98b1,1/3/2026
629,5a765849-7482-48e1-88e3-886949f7c65f,10/8/2025
630,8353858c-8b54-4ad2-a03b-6cb487589886,7/31/2025
631,b30ee395-5f35-47e5-949a-7f596c7a5911,4/2/2025
632,1a9690c0-faa3-4a61-9807-bfbae3041cff,7/27/2025
633,a7ef6078-b5ee-4b9f-971e-eb9e457752cc,7/6/2025
634,dba0b225-2be8-4c44-b30d-da2e01b75eb3,3/8/2026
635,446ff8f8-4f6e-4feb-9e04-861eafca1922,6/10/2025
636,e5e729c8-5891-4d87-9678-1128b5881276,5/30/2025
637,fb90a3da-a1ce-4065-b3d7-e19521993e05,11/9/2025
638,414e2f00-6498-4b59-a3f6-ccdf7f3aa734,12/26/2025
639,5beae955-723a-4163-b3c3-ca3d00e60d2e,6/17/2025
640,28489c1c-e518-47bd-90d7-b65cbf0e9d28,4/13/2025
641,366b7eec-badf-44fd-b3d0-c7d60ebfdc02,9/10/2025
642,52661621-bbf8-4ee1-b4bb-9ec4f50a464d,3/31/2025
643,50c7490b-01b6-450f-97ce-657948d7047e,12/21/2025
644,21bf01b0-f59a-4ead-92c9-72e1c259e320,11/2/2025
645,584f49b2-aca8-48f4-b539-bbede96788d6,10/29/2025
646,51869bb7-3096-4c63-a836-363cb0d6e214,9/18/2025
647,e2da459f-bc3d-4a5c-b57c-40f85f3e4b90,11/4/2025
648,e5999dd4-c0f2-4e27-b049-4f4db76d81db,7/25/2025
649,bffaa80b-273c-4581-9c80-769472813b26,11/26/2025
650,d08a4f50-4463-477c-9a6c-60342e9c1f9d,8/3/2025
651,24d71309-4f76-4be5-876b-92f139107bb4,4/11/2025
652,2d5d0fdf-ab3e-4611-8b53-cec2e72796f3,10/28/2025
653,f5a77af6-8e51-4574-9836-f8ac5d7ce259,9/2/2025
654,3078d80e-84a2-4113-a021-46221ae1dccc,2/13/2026
655,83db63dc-9435-43e4-9c4f-a2b198e1b41b,5/4/2025
656,287c7b5f-216a-4378-a2b0-e81c58f88eb8,9/6/2025
657,4c7b8a80-221e-415b-a22e-590a49d59767,5/4/2025
658,6e6a29f5-a9a7-4a06-9c7f-a4a291def30c,8/22/2025
659,a8c64e59-fcd0-4c2f-8def-57a6fb2f8d52,5/5/2025
660,142748b4-c84e-41da-b8a3-58f7f81b4bde,1/22/2026
661,c22f6040-257a-4289-ba7c-3bc3e20ff5c8,5/11/2025
662,a8e0a715-3a0c-4c26-9ef8-949258867c25,3/9/2026
663,431578e9-155c-46e9-9fa2-23631b3415d9,1/4/2026
664,03c3dac2-dc9f-49e3-8811-688b5910bdf4,8/6/2025
665,3fb75a3a-2e00-45b7-855f-8b4ab87748ac,6/9/2025
666,1af6c312-44b2-4c7d-9f88-3dbc1668bf33,9/4/2025
667,440a669d-df95-466d-9d93-57e5a974c684,12/30/2025
668,eac28919-8aa3-4ab9-a79a-7619bf2ec9bc,6/22/2025
669,e08cfa39-8734-4e3f-a8cd-a299a630ccdc,10/7/2025
670,b9494c9b-4763-416f-8343-aca9a4da3056,8/29/2025
671,50de2e2c-0ce8-420b-b859-fbcdb216d2ab,10/3/2025
672,a468ae73-5c9e-43cf-9b80-8c2ca2ee0313,3/18/2026
673,872f8b47-5161-4670-a087-8e8ac7d2e2e2,2/4/2026
674,92446cac-ffbc-4447-9777-5b762f8dfab5,10/5/2025
675,0624848a-5a4a-4598-8fa9-0e69e8638b91,5/10/2025
676,53dcc090-eb0c-4c91-9139-8171acf588b4,10/11/2025
677,404a564c-e78d-432b-81e9-0be5693a3bca,10/28/2025
678,d5dd52e9-415e-496c-87fe-a9aa51771ad4,7/12/2025
679,eb375504-fc3b-4b28-b9a0-d3748392f5dd,8/9/2025
680,5519d4a8-cb1c-4988-876a-476d9f7459a3,11/6/2025
681,80a688b4-c944-467f-b330-b140ed989cb2,10/22/2025
682,6906de00-4a13-4534-b715-a0bb9a9e9f92,2/9/2026
683,85d802c1-440c-42b6-9ce1-93fcc4a6a0dd,6/7/2025
684,791bfedd-56fa-4698-af2a-ecff529764ed,5/9/2025
685,0551f605-9008-4e45-98f3-b2319b06413b,2/27/2026
686,038074d7-2feb-4751-b620-b49775d1dc91,12/9/2025
687,fdc196de-39f2-4866-96ba-a9e6298e43d0,1/25/2026
688,39ec78dd-3bd4-4003-8c53-d049cdec7ee8,11/5/2025
689,c5c15a25-b485-4a9b-a87c-d994eb1b85bb,3/1/2026
690,57dba51b-10e6-423e-9341-488a25c9b405,3/31/2025
691,2d8b8be6-dbd0-495a-8268-486cb4f2d92f,6/4/2025
692,bbc6bcfc-faa4-45f1-9687-5ad7db4533a7,9/28/2025
693,6a16cdca-5f1f-4f59-a595-f3c00bb83367,1/6/2026
694,5a3cabc3-2b54-4543-9965-d9ac86a0e67c,6/4/2025
695,ba5dfbac-32fd-4877-a529-a907d77ba893,9/8/2025
696,b1fb7477-610a-4713-b177-b0b1761c8a68,6/15/2025
697,5f4173c4-d62f-4aed-9386-e1a1459b4ac2,8/20/2025
698,3780cd2d-dc78-438c-8855-95c962666a4b,7/30/2025
699,d21f3fba-5865-4668-b529-79d10e0ce42b,8/19/2025
700,8d264faa-6cd8-4ee1-ae3b-176ca649a7f6,8/13/2025
701,1ea9b5eb-2a85-4ce2-b24f-dbb616eff814,8/13/2025
702,66f9b717-cd1c-4814-abd6-f6ddb6a1b1c4,11/15/2025
703,015ca5a5-2d52-4e32-999b-e65d585f6811,10/6/2025
704,4489ef5a-0459-4935-bea0-ae521a13c315,3/8/2026
705,317f0c17-40d5-426c-a2b5-3624dfa2f707,9/27/2025
706,75650cdb-0543-488f-a5c4-5700cde9bc60,5/15/2025
707,cdf94a35-1086-4fd4-9be5-4302ef0bac40,6/13/2025
708,ce12d934-2c54-4334-ab06-b198e9ee212c,11/8/2025
709,fd41bfe9-2b39-4b0f-9a1a-eaeabd769dc2,3/15/2026
710,53645891-8a62-4434-80f9-df093ff302a3,3/17/2026
711,91373b9c-9c50-40bc-8f43-06c46196329f,5/29/2025
712,3b934420-74e4-4255-8f76-1cf8d003f30a,11/22/2025
713,072fa1cf-a6f6-4776-8a2f-e337b60c41c7,9/29/2025
714,05e0aee0-9db1-4d4c-bc37-6e6bfb67ddf0,7/1/2025
715,aa1643ec-8862-40f2-94db-e8b262a9bef3,9/18/2025
716,12593fe4-005e-49ab-ba37-51d65ca4821d,7/2/2025
717,fb11c268-93e0-4840-a538-10602281bc89,4/27/2025
718,c804d846-4be4-4456-9af0-6d3186ec5865,12/13/2025
719,f0bbdd92-174f-4d82-8b2a-b55532022a1d,8/11/2025
720,9cf3c872-b8c6-43e6-9896-8b1ece9e9635,12/9/2025
721,9d7998ed-91bf-43f6-9ca1-827e39b9082c,11/3/2025
722,f4b1bf57-0199-4719-b69c-bcdb24d6eeef,4/9/2025
723,b4b15a65-9fa0-462c-a2c1-d275a170a9a8,3/30/2025
724,2244d7f3-c369-4985-aa82-aeca7a549946,11/12/2025
725,70186148-e6e5-48f1-819c-5c2a4bed77f7,11/13/2025
726,19c7c03c-8d6c-43a4-b4e2-5b629f93b642,4/23/2025
727,22ae283c-3bca-4d09-858f-0d9d4428f7d9,7/16/2025
728,e97737fa-c3d6-407c-892d-b1485fd3cb30,9/4/2025
729,5a458a0e-e3e4-4243-81e8-2e1676ae0298,7/24/2025
730,198b7057-6521-47ac-8c98-75d60c427fdc,8/19/2025
731,fde3ea82-ed15-4025-9dbc-6bd3c1a978a4,2/10/2026
732,c01de96e-739a-420b-b378-546dc8db5af9,10/4/2025
733,243b7071-5a5b-4dca-949e-6cb81a7b262f,1/26/2026
734,ae5ebec2-3740-4b76-bf68-d0bbf602ac42,3/29/2025
735,df0f325f-af77-4a22-adad-6881e0e9e945,10/5/2025
736,f9ab5679-5350-44a6-9c15-8d8672354b59,8/4/2025
737,da4540f4-6673-434c-9451-ad0e493a7a95,4/16/2025
738,dc9d3d79-8af6-42ac-851c-688df26de575,10/8/2025
739,b6faacdb-ab48-416e-9c0e-4ee921a35710,4/15/2025
740,46a21738-9f99-4d01-a61c-c6206d2a5015,9/11/2025
741,57769811-e122-45aa-8837-d4ca7ef0ba86,5/14/2025
742,3a05e82b-ec4d-4935-9305-1b77705111dd,8/13/2025
743,140bdf84-0a16-494f-9cd8-41aa456ee6d9,1/1/2026
744,c83a1697-235b-4410-bb80-8136bfdbba69,11/2/2025
745,377b2fbb-7175-44eb-815c-8ba1bf1ef3f7,12/25/2025
746,7b54a710-818f-454b-8c05-53a3acd7fa3f,10/2/2025
747,4a1204b9-aa24-4a67-895e-dd7af87af2bb,9/12/2025
748,bfaa18ed-8aca-455d-8657-dca7dd069b28,10/5/2025
749,5a02fcf6-e0c6-4649-bf43-05dfac78c6ef,1/2/2026
750,6eb2ad16-db25-4263-b793-93c5b16603b6,10/14/2025
751,4512b3eb-54cd-4b81-a8e1-689cac6426a9,11/22/2025
752,594b1ad3-bf9c-4d6f-9a64-cd332c289c36,9/7/2025
753,985eeb99-dce7-4630-bee6-afda147b5a1b,8/20/2025
754,ac4df1dc-2ff6-481a-989b-68a8065f6080,10/3/2025
755,07e42294-1ba8-4cc0-bd09-269a6c26e2b6,4/29/2025
756,9613cf25-66ec-41ac-a533-38b164dbecd6,7/29/2025
757,38618860-dadf-4830-8bf8-f1bd239b9108,9/24/2025
758,7a2255ca-e43e-457c-a5ee-8653122bc23e,11/26/2025
759,24d3c33d-912b-4e77-b437-edc69c15392a,3/17/2026
760,d6d60fa4-2ffb-43e1-ae1e-b155d1c653b8,7/29/2025
761,711c8a95-bf8a-4b64-948a-e5f257e5b258,3/7/2026
762,028bdd01-e264-4708-ba1d-0dbdf3354445,7/17/2025
763,65da4573-7eed-4dd1-a348-75dc20132f66,1/6/2026
764,ac1dd1bc-f7f6-4f03-a65e-6c49f545a84b,6/29/2025
765,83dc9ef9-6b6f-47ea-99c5-2a004e6a4ff9,3/1/2026
766,f698414c-8e2a-43e5-bf47-8c4343eed1ed,5/11/2025
767,48fbb214-1f3b-428c-96a8-60bcf2a6b125,12/12/2025
768,6c2cd521-1992-4d3a-af26-05d2ec791c36,6/5/2025
769,2bf4c4db-4d2c-409b-8a33-8a127f231f8f,12/28/2025
770,59117dd9-18e0-4182-9b81-8b879790144c,3/28/2025
771,9d52e063-031a-4f66-b596-e790fa35e211,9/19/2025
772,25a60fa4-7733-4bf3-8529-386467168e75,5/10/2025
773,25da24ec-8e2a-44d0-bfb4-66a13cb9cd59,3/19/2026
774,adcc4d15-838b-403b-af5d-fb81f1e47a85,7/17/2025
775,cdfd6499-28a3-42d1-bb77-2e703c45f5c2,11/8/2025
776,4c527cb7-2a68-4972-a3fb-65381bcdbc2c,5/2/2025
777,9a7cedb9-a61b-424c-b1d8-c57bb0a46c99,10/26/2025
778,a872b4c3-68b4-41c2-a781-f68f19d292d8,10/1/2025
779,7f796a7b-15c4-4310-b18d-3634a83fe29c,2/12/2026
780,08fdf709-9e2f-4c91-ac24-9b7ff07d092e,2/23/2026
781,428a3f5e-c604-4f7b-a688-1e49cea2d7af,12/9/2025
782,1a3c64eb-4411-4918-811a-300f18dfc48b,7/3/2025
783,3de81c2d-b40f-46b8-9ec2-edab619c72d1,9/4/2025
784,ecca1b4b-0b45-42f4-a143-147dceed302c,5/5/2025
785,85f81c49-b851-4784-96a8-eeb0f35caf51,4/11/2025
786,fa615da0-6281-48d6-a5e8-288218a22356,8/29/2025
787,468c29c3-f84c-4d01-b8db-d37e493bc790,1/18/2026
788,609f257f-deca-4044-b809-8db3e29b8398,9/6/2025
789,be608674-d116-47b3-abec-1eb26d55f795,3/28/2025
790,c108013b-ea61-44d2-bd81-30fca2bac6a5,9/19/2025
791,62c6eb07-3602-4cff-9b1d-3e56a02a6c61,10/29/2025
792,d05e4230-8b50-47e7-bc71-b391346bd8f4,12/29/2025
793,d1e277cd-e77e-4365-a8af-1ed88e6b1b6c,7/19/2025
794,4b24b26d-39ea-4d35-a43f-d90dccaea921,3/16/2026
795,711507bb-9259-4b08-9356-0a7561da9cbf,11/17/2025
796,3f6b9d63-3e0e-4c5f-a930-f9a183ee8f98,5/13/2025
797,01c60db5-8d03-407f-bf93-1f224cd3d5a6,11/9/2025
798,12aca938-8a11-467a-a1a4-3b2617b3bca6,6/26/2025
799,02366937-487a-4103-9267-1be94e1fe1b3,7/4/2025
800,60cd78fd-7fe7-4106-b53d-f7206dfacd6c,4/2/2025
801,870b77a9-6648-4d42-b6d3-850572636d5b,3/25/2025
802,88480b6b-4d89-4221-a839-ea99a911ed48,4/7/2025
803,aeb293cb-9c31-40f5-9337-95d97093cddd,9/30/2025
804,98fbd054-ce42-4699-b89a-5fad54ff2031,3/4/2026
805,b4803745-ae12-488d-aceb-8965123bacce,8/7/2025
806,55b550f3-1abe-450c-ab1c-7a86ddb35c3d,4/21/2025
807,3b471a25-6f0b-4630-aed2-6ebb19b345a3,4/14/2025
808,72e7900c-7c9a-4731-85d7-ad856389ecc7,11/7/2025
809,86147118-07c2-4bb7-9421-39c052737c35,10/11/2025
810,931b6a2d-2608-47e9-8b87-2925b4f066db,9/8/2025
811,2d366561-85d7-4263-9f4b-93762159c136,10/5/2025
812,abd22512-50ab-4fdb-b37a-d73f6f2146ea,11/21/2025
813,ae5d7333-ab5b-4f30-87d2-54a98f9cbeb2,5/6/2025
814,df04ea75-aff7-4ed2-9427-76e063968cdd,3/28/2025
815,e41284b2-9483-48ef-9474-eb2c1f813edc,6/13/2025
816,36e76fe0-cac2-4cc0-927b-84b44cd6e8c6,7/23/2025
817,a83aa72b-f730-4b19-bc38-51c0ec078908,11/8/2025
818,cf07e372-9115-4ee2-bde9-3765951cca9e,4/28/2025
819,0cd569b3-ed8a-4915-9045-f406c5e26251,4/12/2025
820,b73f5726-f782-4516-b898-8be3d6cd5f0a,12/2/2025
821,98d678ab-e86f-49f3-acca-57b116b85449,6/29/2025
822,2f1f88e5-ae5e-402d-a926-a2230608b76c,11/9/2025
823,8808c23c-a6b6-44cb-adcc-7cb2e934de0a,9/13/2025
824,131e001b-cf17-4a89-a55b-61a0a2436129,12/9/2025
825,b5f43bb8-3813-469f-ac4e-84d4d58a231e,9/18/2025
826,cdd334c0-9888-41c6-adb8-cf3f330e4952,11/12/2025
827,ada9692a-b84b-40c6-9d38-11bcf324c0cd,12/22/2025
828,7875106c-fe79-4fde-91e5-9e5703ebf92a,5/19/2025
829,1caaa0fb-7455-49eb-96e8-764cfea275f0,11/10/2025
830,28a9f53b-ee1d-43c5-841f-f68bab95f894,12/20/2025
831,748f507e-f6b8-477a-a9e9-1d8852e0989c,2/7/2026
832,153fd238-1c5f-47a2-afa3-a8dcfcc164f4,2/26/2026
833,5671d828-2504-499b-8dc5-a07feef77cc5,11/6/2025
834,37210ebe-880c-4897-bbed-ee022e7f0cd3,1/27/2026
835,268e5d92-fe60-41b1-9ca7-a587e564b08a,2/2/2026
836,23721b17-2d93-4437-8d19-4fddd5b74344,6/1/2025
837,55b79b24-d31c-4fb2-b21a-63fe6950d3b3,7/6/2025
838,4d902192-810a-4f85-8784-ae83a0bffbb0,10/1/2025
839,3f5daab4-f3e4-41a7-8f5e-9cfc7bffb7f3,10/12/2025
840,0f9acf3c-77ff-49a4-9cd3-363b0f8498b6,5/22/2025
841,23366624-588c-487b-aad7-b574790af45b,9/3/2025
842,bf24f2a3-e5b3-49ab-8683-982e1b26ed05,4/1/2025
843,f68c56ca-9d8e-4539-9e78-7dbaddd73782,11/26/2025
844,593ea5e7-45de-432a-8679-98cbdb1c29ae,8/1/2025
845,a9481bf9-df2f-4bb9-8cb6-00d57382b376,6/9/2025
846,2d12cb95-4b95-4d78-88e7-0ab3774e0865,10/30/2025
847,add73a05-64ad-46ac-9101-e1ee5afacf40,11/17/2025
848,57080e34-38b6-40ce-99d6-8a118e8fe927,8/1/2025
849,a6c7542c-ee52-4e00-95bf-dda767676b87,7/23/2025
850,32f61726-3521-453e-8b23-37637e285b81,1/8/2026
851,74305041-cb82-4188-958e-c5313629f9a5,7/27/2025
852,366b3807-b42a-4019-97fe-6cb4c1f1bb64,5/9/2025
853,358953fe-b56c-4cc8-9253-33badc983ca9,3/8/2026
854,e6a85dfc-8935-46c5-8c4b-0f312f426b7f,8/6/2025
855,24d79890-874a-49e8-8c80-3fd6b714a2c9,7/11/2025
856,c4e56b82-a251-4d8d-a2cf-23ed46f17de1,3/12/2026
857,bfd4c092-4383-488a-bb8b-95fa0fd84cd9,12/31/2025
858,ace4b7ee-6eca-4c75-b734-de46a23801e5,2/1/2026
859,8c9d1583-a29c-494a-bb73-feb9abb4f6ea,2/7/2026
860,fdca5225-a8c0-4620-99f1-700f86382de1,12/29/2025
861,df8cc600-a516-4c6a-bcec-25dfcf7c54e1,3/4/2026
862,25a5b947-1831-47b4-bd62-46cc5f629fa3,3/30/2025
863,b46bbd1c-dfde-4c0a-9b23-7fbc5796b134,2/9/2026
864,5f1431fd-f829-49e2-8130-d8549ba4aaee,1/11/2026
865,1bd0cd7b-0602-42d1-99e2-7ad18eeaa09e,11/5/2025
866,4e4c9c84-6010-4db4-8894-7a954d6a0f93,2/27/2026
867,a9ee1475-4346-4b4c-8f02-dbd5ad98bbf1,5/6/2025
868,0bae65f1-9b63-41b2-8a9e-63c44930c508,11/7/2025
869,3017d044-bc8a-42b4-9327-03769035c48d,1/12/2026
870,6f005060-ba9d-4db2-a5e5-934f43b161c0,7/31/2025
871,602adf0b-9b93-4571-97bd-36283e0f1629,7/8/2025
872,c54b5846-f1dd-456c-b791-df2441293c43,3/18/2026
873,b4893ff2-6018-4b1e-868b-a1a7d2089c78,11/14/2025
874,45745d05-d802-45a6-b78d-523f8c596198,5/21/2025
875,c11e2260-369e-48f2-9e38-7ed1c083ee46,3/12/2026
876,f95823ed-d627-49ed-84f4-e665d49e1a3b,4/24/2025
877,9a8e6000-070f-429f-88c9-c08b08215af5,5/18/2025
878,8efecc49-48f0-49ce-933a-3471175c519c,4/6/2025
879,7c07a84f-8a4a-4dd5-9000-927ac6e4c538,9/24/2025
880,3c1f2539-144a-4cff-89d8-af1a03e747e2,2/5/2026
881,a3758456-2071-4488-ac34-80f4ced82a2d,11/11/2025
882,cef7eb8a-31b2-433b-b86f-a5a521ccae2c,12/25/2025
883,2e6bb75b-aeee-47e4-bcbb-7cd712f19801,3/30/2025
884,4a181584-8ff6-43da-91bd-146ccb436076,12/15/2025
885,dc84ecfe-6a7a-4282-81f1-84773ed96baf,5/2/2025
886,6338d5b1-9eff-4439-aae0-5f47de6bd754,6/3/2025
887,469de144-fe2e-4c50-91a8-fd95ae227d31,6/29/2025
888,056d0129-e664-48da-8e20-3f60f7f942ca,9/14/2025
889,f9a7c943-0097-4903-9668-ca4cccb9ec29,10/19/2025
890,3f5b39a3-f67c-4fef-a8c2-ad80235b631f,1/6/2026
891,cbe49550-e330-41ad-9184-b80f82e2f5fa,1/3/2026
892,c57de09e-2dfb-4db0-9888-91b783dba2c2,6/23/2025
893,ca2b85ea-fc67-4117-814c-62cfd5538660,7/9/2025
894,d8b8a265-7fe7-449d-8b88-c7d9da0f5232,11/4/2025
895,abe54f5f-fcf2-4f6e-bfb6-0301d145127f,8/24/2025
896,f66ef3f3-b4e3-4c81-b46b-a298a370a92f,6/22/2025
897,ad6129e8-4b24-46ae-a3d6-db8a994c955e,5/29/2025
898,c38b54da-fda2-4171-9d54-41187e911e7e,1/20/2026
899,53784da2-b531-40cb-947b-d14e1b63df26,9/23/2025
900,f4c70010-6833-4850-87ae-c94eea0af047,3/21/2025
901,b70db332-6ca8-4793-8e8e-e1a3c9ba68d1,12/18/2025
902,712193b1-273b-46bc-a4d0-198e8205f313,9/12/2025
903,cdf46713-fc5b-4d36-bbfb-6f68806e2a65,2/12/2026
904,b6b9bf5d-1b1a-468f-8ada-cc61cbac7939,7/30/2025
905,5f780827-0029-4964-a9d7-71f99837a4f6,6/3/2025
906,ff7ac878-4540-40b9-8aec-191e85835d68,3/17/2026
907,ba974232-14c7-483f-9e09-8164c5685746,1/29/2026
908,8d261c31-e8e2-4a56-8de5-b27dc39e5e6b,8/19/2025
909,9c52be5b-2969-42c3-8a4e-57cb0e0f6954,4/27/2025
910,22d821a2-2468-450f-b3f5-b1108c630902,9/26/2025
911,a5037851-c17c-4027-ac56-e68999fa620f,1/24/2026
912,0ba6b88b-8508-4002-8aa4-03c1e4a7eae2,8/24/2025
913,38d5e5df-e1f3-4209-a3d2-873c0a3148fe,11/12/2025
914,e4565779-5b3b-4cbb-abcf-c86b6c184bd7,9/20/2025
915,5ca60cfb-b4ac-4a0a-8be5-83acfe33b35c,7/15/2025
916,c93e0427-8c1c-4b57-8b69-bfd08780bf47,1/21/2026
917,a1ac40ae-6970-4ff4-b760-8513a4efd9f2,2/12/2026
918,bc1de332-060c-4079-af24-7dab2bfac8c6,9/13/2025
919,7568ed4d-e0ea-4e3d-8480-b8b2238d18fa,3/18/2026
920,ccea6532-bf96-497c-ba6e-5f331f8939cf,5/13/2025
921,eef6a7dc-c0f0-4d10-aebd-b20b312aa81a,6/1/2025
922,6bf231ea-54c3-44de-b786-b33c462843fa,6/5/2025
923,b8956cee-f4ca-4f00-802d-84a3e6eb64f3,10/18/2025
924,90fe441c-1eaf-41cb-a933-c25dbec8ac73,3/15/2026
925,564a2d80-8f93-4384-ae07-57a87274f059,1/1/2026
926,85d0bd16-48da-42a6-90d7-c18a5089e0ca,2/16/2026
927,786bb311-be9c-489f-af6b-01c353f9a5db,7/13/2025
928,42040083-e6e3-4fe9-bc26-f73f81ccdf4b,7/31/2025
929,6cdca9cc-08cd-43d2-9f79-548695c733ad,1/3/2026
930,d8547bee-f1ba-4f8c-a76e-e018112d19a9,10/20/2025
931,70957976-27e0-427b-9d60-4b349dde0b2c,9/17/2025
932,5b2c76b5-69da-4c2b-9551-fd99bb28b028,3/30/2025
933,8c141917-5f98-4104-a252-aae3b23090c1,1/1/2026
934,bac1d043-86be-4883-899d-3100577aaaff,7/24/2025
935,5dd41cd8-8b98-41a2-a1c9-f924869656d4,6/19/2025
936,548e966b-23c9-491d-bf1f-139504a8814b,4/22/2025
937,d3a37ef1-fd4d-44bd-9df4-b66af8d4b522,1/1/2026
938,7f9a5895-0458-4a64-92da-eb2f91cd944c,2/16/2026
939,54104cd3-0df3-49e5-829c-a1fcdf837892,1/10/2026
940,3193e315-f924-49e5-b028-fb44fa7ae61a,10/14/2025
941,304d55cc-ad37-459b-be62-86392e0ed3f3,7/23/2025
942,f6e46e3f-93c0-4e82-a601-ebaa6e93cbdc,12/12/2025
943,8cfb5e53-4d7a-4ad6-b041-b002be5f522f,6/5/2025
944,1de02cc3-9507-4052-9989-757771248dc7,7/18/2025
945,0c1a89f7-ff14-4e65-8817-0bd6bd6ff2c3,4/2/2025
946,47b27306-26c7-451c-b9f0-4baa8f7c73d9,9/22/2025
947,1fb8ccd6-5f6e-47e6-9c01-84f0e9acfe3c,11/14/2025
948,d3058555-1b41-4135-b546-f76548908795,3/16/2026
949,3309d4fb-0b52-4bb6-8f66-f19b546dd9fc,9/9/2025
950,e6a6f0a6-dc5e-433f-a992-f3d7a79782fe,4/15/2025
951,b4e59e16-149a-40f8-9946-173038417df5,12/17/2025
952,19296643-ee6f-41c3-a830-98c4dfe2b57d,5/28/2025
953,f8bcc587-804c-4870-8110-e58d9540551d,6/26/2025
954,ddfaf69b-02f9-435c-8414-39d6abe276a9,7/30/2025
955,00e88968-85ad-44cf-b636-2f9cfa5514e1,6/8/2025
956,da29af3e-d693-43df-aea6-137dc4f90426,1/5/2026
957,77f87e83-887e-4d15-bda8-10c499faa10e,7/27/2025
958,f08650dc-e57e-4061-a4ce-6dcb3c9e8811,8/10/2025
959,2cb99e8e-3fa1-4348-9377-9184d84e5717,2/8/2026
960,c39fcd7d-66a4-4ddd-91a0-1bc0519a0bbf,7/5/2025
961,3a44ff39-0009-4ea9-894a-d40452c7bd35,10/10/2025
962,358cbc38-794c-40cb-99e7-017410306ac3,5/10/2025
963,93fc8595-9382-4839-b75a-7a75f03ff479,12/17/2025
964,a37cbe8e-03da-4f9f-b97a-3ff6e07034a2,4/22/2025
965,91d76158-e811-44eb-b18c-2372e2b9a190,12/15/2025
966,3132b039-35c4-4fb0-aa01-153c9f8ad97c,3/6/2026
967,2eb1fb62-8638-4bea-9009-62d3447e20c5,9/21/2025
968,b66de71c-eec8-4a09-b377-5f3634335a1f,6/16/2025
969,e8fc469b-69c9-4be0-b486-856dc09a9032,8/5/2025
970,c5af9d87-df89-4253-8b56-0846b72941b9,12/15/2025
971,874eedf6-210c-4185-8b6c-29412a2d9d30,9/15/2025
972,01258557-7ba4-474d-8f38-7724a972cffd,7/19/2025
973,aa85caf7-1c26-4344-b344-4ce87f84fd0b,3/5/2026
974,01bcb3ba-55a2-4850-b974-bf36fe06acd5,10/3/2025
975,74cd9aca-47b8-4fd4-a1e7-63b7ece4bd11,6/10/2025
976,359fa0f1-055c-4d46-808c-4a20e8fcf59f,11/17/2025
977,54b1e69d-6382-413f-999d-d619347893cc,5/29/2025
978,6b5bcf5b-e0f6-4514-8e97-45661da4670a,6/28/2025
979,762ea86c-6196-46a5-84bb-613a0bf07e71,2/26/2026
980,04fdbc48-ec2b-4abc-9e76-3590993ba1ba,12/2/2025
981,eed49d19-3418-4324-832b-041ffb6bf270,8/11/2025
982,f2d4f6fe-76a5-4f18-a888-0329ae02820f,2/20/2026
983,ef0f2721-abf7-48af-b1c0-9aac29b43c1c,7/28/2025
984,1e464659-45ba-476b-8552-5a8174c0d24f,10/24/2025
985,1bb2dcd0-49e0-42b3-a0c2-9c07922d48b9,9/30/2025
986,432812a3-cf24-4fe7-98c8-fb272acbd785,10/4/2025
987,193c6a01-0f58-4ebc-955d-1b21ca30a1c1,10/3/2025
988,9d8acdfc-2886-42f7-b4b7-bb2465d9a086,2/8/2026
989,b98af998-32dd-4215-accb-63ee93315562,11/7/2025
990,7fae4594-3b49-45c6-9cc5-74b5755bf9e9,2/16/2026
991,d13af7ae-bd47-4603-839e-e608ad707a32,1/11/2026
992,c7f60bf2-62a9-4f64-9b97-cb9935152069,12/12/2025
993,85154949-2e1e-44d0-b268-b1dffb40868b,1/8/2026
994,4a6bf3c9-28aa-41f8-a64a-35780acc69a6,3/13/2026
995,026252d5-5d6e-4107-ad4c-5076bb6a3571,1/4/2026
996,4aecc870-2fe0-47c6-8ba5-8c8ca3037825,2/4/2026
997,8beca377-d344-4f2b-9b77-0ca9c677ac30,9/15/2025
998,0acd8d7e-908b-4486-a5b3-b58b13d576f8,3/2/2026
999,0b0bb38f-e8b2-4130-898f-888bbd901323,1/30/2026
1000,f83a37e9-b22c-40e0-9505-c74d47908b3b,3/10/2026
